BEGIN TRANSACTION;
DELETE FROM declarations;
DELETE FROM containment;
DELETE FROM symbol_uses;
INSERT OR REPLACE INTO declarations (symbol_uri, file_path, start_line, end_line) VALUES ('|java+variable:///com/factory/metrics/MetricsLogger/getAverageMetric(java.lang.String,java.lang.String)/scope(0)/scope(1)/$5|', '/home/me/code/j9mpl/generated/MetricsLogger.java', 111, 111);
INSERT OR REPLACE INTO declarations (symbol_uri, file_path, start_line, end_line) VALUES ('|java+variable:///com/factory/metrics/MetricsLogger/getAverageMetric(java.lang.String,java.lang.String)/ex|', '/home/me/code/j9mpl/generated/MetricsLogger.java', 96, 96);
INSERT OR REPLACE INTO declarations (symbol_uri, file_path, start_line, end_line) VALUES ('|java+field:///com/factory/metrics/MetricRecord/metricName|', '/home/me/code/j9mpl/generated/MetricsLogger.java', 16, 16);
INSERT OR REPLACE INTO declarations (symbol_uri, file_path, start_line, end_line) VALUES ('|java+parameter:///com/factory/telemetry/TelemetryEngine/processData(com.sun.net.httpserver.HttpExchange,com.factory.telemetry.TelemetryRecord)/scope(exchange)/scope(0)/exchange|', '/home/me/code/j9mpl/generated/TelemetryEngine.java', 24, 24);
INSERT OR REPLACE INTO declarations (symbol_uri, file_path, start_line, end_line) VALUES ('|java+variable:///com/factory/metrics/MetricsLogger/main(java.lang.String%5B%5D)/rec1|', '/home/me/code/j9mpl/generated/MetricsLogger.java', 135, 135);
INSERT OR REPLACE INTO declarations (symbol_uri, file_path, start_line, end_line) VALUES ('|java+variable:///com/factory/metrics/MetricsLogger/main(java.lang.String%5B%5D)/rec2|', '/home/me/code/j9mpl/generated/MetricsLogger.java', 136, 136);
INSERT OR REPLACE INTO declarations (symbol_uri, file_path, start_line, end_line) VALUES ('|java+field:///com/factory/telemetry/TelemetryRecord/$0|', '/home/me/code/j9mpl/generated/TelemetryEngine.java', 8, 8);
INSERT OR REPLACE INTO declarations (symbol_uri, file_path, start_line, end_line) VALUES ('|java+class:///RCSortStabilityJ/CityComparator|', '/home/me/code/j9mpl/examples/rosettacode/RCSortStabilityJ.java', 55, 59);
INSERT OR REPLACE INTO declarations (symbol_uri, file_path, start_line, end_line) VALUES ('|java+field:///com/factory/telemetry/TelemetryRecord/status|', '/home/me/code/j9mpl/generated/TelemetryEngine.java', 12, 12);
INSERT OR REPLACE INTO declarations (symbol_uri, file_path, start_line, end_line) VALUES ('|java+variable:///com/factory/metrics/MetricsLogger/logMetric(java.lang.String,com.factory.metrics.MetricRecord)/scope(0)/scope(1)/$3|', '/home/me/code/j9mpl/generated/MetricsLogger.java', 72, 72);
INSERT OR REPLACE INTO declarations (symbol_uri, file_path, start_line, end_line) VALUES ('|java+constructor:///com/factory/telemetry/TelemetryEngine/TelemetryEngine()|', '/home/me/code/j9mpl/generated/TelemetryEngine.java', 36, 36);
INSERT OR REPLACE INTO declarations (symbol_uri, file_path, start_line, end_line) VALUES ('|java+class:///com/factory/telemetry/TelemetryRecord|', '/home/me/code/j9mpl/generated/TelemetryEngine.java', 7, 15);
INSERT OR REPLACE INTO declarations (symbol_uri, file_path, start_line, end_line) VALUES ('|java+parameter:///com/factory/metrics/MetricsLogger/logMetric(java.lang.String,com.factory.metrics.MetricRecord)/scope(rec)/scope(0)/rec|', '/home/me/code/j9mpl/generated/MetricsLogger.java', 58, 58);
INSERT OR REPLACE INTO declarations (symbol_uri, file_path, start_line, end_line) VALUES ('|java+variable:///com/factory/metrics/MetricsLogger/logMetric(java.lang.String,com.factory.metrics.MetricRecord)/ex|', '/home/me/code/j9mpl/generated/MetricsLogger.java', 61, 61);
INSERT OR REPLACE INTO declarations (symbol_uri, file_path, start_line, end_line) VALUES ('|java+variable:///com/factory/metrics/MetricsLogger/logMetric(java.lang.String,com.factory.metrics.MetricRecord)/scope(0)/scope(2)/scope(0)/scope(1)/$4|', '/home/me/code/j9mpl/generated/MetricsLogger.java', 82, 82);
INSERT OR REPLACE INTO declarations (symbol_uri, file_path, start_line, end_line) VALUES ('|java+variable:///com/factory/metrics/MetricsLogger/main(java.lang.String%5B%5D)/avg|', '/home/me/code/j9mpl/generated/MetricsLogger.java', 137, 137);
INSERT OR REPLACE INTO declarations (symbol_uri, file_path, start_line, end_line) VALUES ('|java+variable:///com/factory/metrics/MetricsLogger/getAverageMetric(java.lang.String,java.lang.String)/scope(0)/scope(2)/scope(0)/scope(1)/$6|', '/home/me/code/j9mpl/generated/MetricsLogger.java', 123, 123);
INSERT OR REPLACE INTO declarations (symbol_uri, file_path, start_line, end_line) VALUES ('|java+variable:///RCSortStabilityJ/main(java.lang.String%5B%5D)/scope(0)/city|', '/home/me/code/j9mpl/examples/rosettacode/RCSortStabilityJ.java', 24, 24);
INSERT OR REPLACE INTO declarations (symbol_uri, file_path, start_line, end_line) VALUES ('|java+method:///Authors/value()|', '/home/me/code/j9mpl/examples/new-3.06/annotations/Authors.java', 8, 8);
INSERT OR REPLACE INTO declarations (symbol_uri, file_path, start_line, end_line) VALUES ('|java+variable:///RCSortStabilityJ/main(java.lang.String%5B%5D)/scope(1)/city|', '/home/me/code/j9mpl/examples/rosettacode/RCSortStabilityJ.java', 32, 32);
INSERT OR REPLACE INTO declarations (symbol_uri, file_path, start_line, end_line) VALUES ('|java+field:///com/factory/metrics/MetricsLogger/$0|', '/home/me/code/j9mpl/generated/MetricsLogger.java', 24, 24);
INSERT OR REPLACE INTO declarations (symbol_uri, file_path, start_line, end_line) VALUES ('|java+field:///com/factory/metrics/MetricRecord/timestamp|', '/home/me/code/j9mpl/generated/MetricsLogger.java', 15, 15);
INSERT OR REPLACE INTO declarations (symbol_uri, file_path, start_line, end_line) VALUES ('|java+method:///com/factory/metrics/MetricsLogger/main(java.lang.String%5B%5D)|', '/home/me/code/j9mpl/generated/MetricsLogger.java', 131, 152);
INSERT OR REPLACE INTO declarations (symbol_uri, file_path, start_line, end_line) VALUES ('|java+variable:///RCSortStabilityJ/main(java.lang.String%5B%5D)/scope(2)/city|', '/home/me/code/j9mpl/examples/rosettacode/RCSortStabilityJ.java', 39, 39);
INSERT OR REPLACE INTO declarations (symbol_uri, file_path, start_line, end_line) VALUES ('|java+parameter:///RCSortStabilityJ/CountryComparator/compare(java.lang.String,java.lang.String)/scope(lft)/scope(0)/lft|', '/home/me/code/j9mpl/examples/rosettacode/RCSortStabilityJ.java', 62, 62);
INSERT OR REPLACE INTO declarations (symbol_uri, file_path, start_line, end_line) VALUES ('|java+method:///com/factory/telemetry/TelemetryEngine/processData(com.sun.net.httpserver.HttpExchange,com.factory.telemetry.TelemetryRecord)|', '/home/me/code/j9mpl/generated/TelemetryEngine.java', 22, 33);
INSERT OR REPLACE INTO declarations (symbol_uri, file_path, start_line, end_line) VALUES ('|java+method:///RCSortStabilityJ/CityComparator/compare(java.lang.String,java.lang.String)|', '/home/me/code/j9mpl/examples/rosettacode/RCSortStabilityJ.java', 56, 58);
INSERT OR REPLACE INTO declarations (symbol_uri, file_path, start_line, end_line) VALUES ('|java+compilationUnit:///home/me/code/j9mpl/examples/rosettacode/RCSortStabilityJ.java|', '/home/me/code/j9mpl/examples/rosettacode/RCSortStabilityJ.java', 1, 67);
INSERT OR REPLACE INTO declarations (symbol_uri, file_path, start_line, end_line) VALUES ('|java+variable:///RCSortStabilityJ/main(java.lang.String%5B%5D)/scope(3)/city|', '/home/me/code/j9mpl/examples/rosettacode/RCSortStabilityJ.java', 46, 46);
INSERT OR REPLACE INTO declarations (symbol_uri, file_path, start_line, end_line) VALUES ('|java+field:///com/factory/telemetry/TelemetryEngine/$0|', '/home/me/code/j9mpl/generated/TelemetryEngine.java', 20, 20);
INSERT OR REPLACE INTO declarations (symbol_uri, file_path, start_line, end_line) VALUES ('|java+interface:///Authors|', '/home/me/code/j9mpl/examples/new-3.06/annotations/Authors.java', 5, 9);
INSERT OR REPLACE INTO declarations (symbol_uri, file_path, start_line, end_line) VALUES ('|java+field:///RCSortStabilityJ/cityList|', '/home/me/code/j9mpl/examples/rosettacode/RCSortStabilityJ.java', 7, 7);
INSERT OR REPLACE INTO declarations (symbol_uri, file_path, start_line, end_line) VALUES ('|java+package:///com/factory|', '/home/me/code/j9mpl', 0, 0);
INSERT OR REPLACE INTO declarations (symbol_uri, file_path, start_line, end_line) VALUES ('|java+parameter:///com/factory/metrics/MetricsLogger/initDatabase(java.lang.String)/scope(dbPath)/scope(0)/dbPath|', '/home/me/code/j9mpl/generated/MetricsLogger.java', 28, 28);
INSERT OR REPLACE INTO declarations (symbol_uri, file_path, start_line, end_line) VALUES ('|java+field:///com/factory/telemetry/TelemetryEngine/$01|', '/home/me/code/j9mpl/generated/TelemetryEngine.java', 19, 19);
INSERT OR REPLACE INTO declarations (symbol_uri, file_path, start_line, end_line) VALUES ('|java+interface:///Author|', '/home/me/code/j9mpl/examples/new-3.06/annotations/Author.java', 5, 12);
INSERT OR REPLACE INTO declarations (symbol_uri, file_path, start_line, end_line) VALUES ('|java+class:///RCSortStabilityJ/CountryComparator|', '/home/me/code/j9mpl/examples/rosettacode/RCSortStabilityJ.java', 61, 65);
INSERT OR REPLACE INTO declarations (symbol_uri, file_path, start_line, end_line) VALUES ('|java+variable:///com/factory/metrics/MetricsLogger/initDatabase(java.lang.String)/stmt|', '/home/me/code/j9mpl/generated/MetricsLogger.java', 30, 30);
INSERT OR REPLACE INTO declarations (symbol_uri, file_path, start_line, end_line) VALUES ('|java+method:///Author/name()|', '/home/me/code/j9mpl/examples/new-3.06/annotations/Author.java', 10, 10);
INSERT OR REPLACE INTO declarations (symbol_uri, file_path, start_line, end_line) VALUES ('|java+compilationUnit:///home/me/code/j9mpl/examples/new-3.06/annotations/Authors.java|', '/home/me/code/j9mpl/examples/new-3.06/annotations/Authors.java', 1, 9);
INSERT OR REPLACE INTO declarations (symbol_uri, file_path, start_line, end_line) VALUES ('|java+method:///com/factory/metrics/MetricsLogger/logMetric(java.lang.String,com.factory.metrics.MetricRecord)|', '/home/me/code/j9mpl/generated/MetricsLogger.java', 56, 86);
INSERT OR REPLACE INTO declarations (symbol_uri, file_path, start_line, end_line) VALUES ('|java+initializer:///RCSortStabilityJ$initializer1|', '/home/me/code/j9mpl/examples/rosettacode/RCSortStabilityJ.java', 9, 11);
INSERT OR REPLACE INTO declarations (symbol_uri, file_path, start_line, end_line) VALUES ('|java+method:///RCSortStabilityJ/main(java.lang.String%5B%5D)|', '/home/me/code/j9mpl/examples/rosettacode/RCSortStabilityJ.java', 17, 53);
INSERT OR REPLACE INTO declarations (symbol_uri, file_path, start_line, end_line) VALUES ('|java+method:///com/factory/metrics/MetricsLogger/getAverageMetric(java.lang.String,java.lang.String)|', '/home/me/code/j9mpl/generated/MetricsLogger.java', 89, 128);
INSERT OR REPLACE INTO declarations (symbol_uri, file_path, start_line, end_line) VALUES ('|java+class:///RCSortStabilityJ|', '/home/me/code/j9mpl/examples/rosettacode/RCSortStabilityJ.java', 5, 66);
INSERT OR REPLACE INTO declarations (symbol_uri, file_path, start_line, end_line) VALUES ('|java+method:///Author/date()|', '/home/me/code/j9mpl/examples/new-3.06/annotations/Author.java', 11, 11);
INSERT OR REPLACE INTO declarations (symbol_uri, file_path, start_line, end_line) VALUES ('|java+package:///com|', '/home/me/code', 0, 0);
INSERT OR REPLACE INTO declarations (symbol_uri, file_path, start_line, end_line) VALUES ('|java+variable:///com/factory/metrics/MetricsLogger/initDatabase(java.lang.String)/conn|', '/home/me/code/j9mpl/generated/MetricsLogger.java', 29, 29);
INSERT OR REPLACE INTO declarations (symbol_uri, file_path, start_line, end_line) VALUES ('|java+variable:///com/factory/metrics/MetricsLogger/main(java.lang.String%5B%5D)/dbFile|', '/home/me/code/j9mpl/generated/MetricsLogger.java', 134, 134);
INSERT OR REPLACE INTO declarations (symbol_uri, file_path, start_line, end_line) VALUES ('|java+variable:///com/factory/metrics/MetricsLogger/initDatabase(java.lang.String)/scope(0)/scope(1)/$1|', '/home/me/code/j9mpl/generated/MetricsLogger.java', 39, 39);
INSERT OR REPLACE INTO declarations (symbol_uri, file_path, start_line, end_line) VALUES ('|java+variable:///com/factory/metrics/MetricsLogger/logMetric(java.lang.String,com.factory.metrics.MetricRecord)/pstmt|', '/home/me/code/j9mpl/generated/MetricsLogger.java', 60, 60);
INSERT OR REPLACE INTO declarations (symbol_uri, file_path, start_line, end_line) VALUES ('|java+variable:///com/factory/metrics/MetricsLogger/getAverageMetric(java.lang.String,java.lang.String)/rs|', '/home/me/code/j9mpl/generated/MetricsLogger.java', 94, 94);
INSERT OR REPLACE INTO declarations (symbol_uri, file_path, start_line, end_line) VALUES ('|java+class:///com/factory/telemetry/TelemetryEngine|', '/home/me/code/j9mpl/generated/TelemetryEngine.java', 18, 37);
INSERT OR REPLACE INTO declarations (symbol_uri, file_path, start_line, end_line) VALUES ('|java+variable:///com/factory/metrics/MetricsLogger/getAverageMetric(java.lang.String,java.lang.String)/pstmt|', '/home/me/code/j9mpl/generated/MetricsLogger.java', 93, 93);
INSERT OR REPLACE INTO declarations (symbol_uri, file_path, start_line, end_line) VALUES ('|java+field:///com/factory/telemetry/TelemetryRecord/voltage|', '/home/me/code/j9mpl/generated/TelemetryEngine.java', 11, 11);
INSERT OR REPLACE INTO declarations (symbol_uri, file_path, start_line, end_line) VALUES ('|java+constructor:///RCSortStabilityJ/RCSortStabilityJ()|', '/home/me/code/j9mpl/examples/rosettacode/RCSortStabilityJ.java', 13, 15);
INSERT OR REPLACE INTO declarations (symbol_uri, file_path, start_line, end_line) VALUES ('|java+parameter:///RCSortStabilityJ/CountryComparator/compare(java.lang.String,java.lang.String)/scope(rgt)/scope(0)/rgt|', '/home/me/code/j9mpl/examples/rosettacode/RCSortStabilityJ.java', 62, 62);
INSERT OR REPLACE INTO declarations (symbol_uri, file_path, start_line, end_line) VALUES ('|java+field:///com/factory/metrics/MetricRecord/metricValue|', '/home/me/code/j9mpl/generated/MetricsLogger.java', 17, 17);
INSERT OR REPLACE INTO declarations (symbol_uri, file_path, start_line, end_line) VALUES ('|java+parameter:///RCSortStabilityJ/CityComparator/compare(java.lang.String,java.lang.String)/scope(lft)/scope(0)/lft|', '/home/me/code/j9mpl/examples/rosettacode/RCSortStabilityJ.java', 56, 56);
INSERT OR REPLACE INTO declarations (symbol_uri, file_path, start_line, end_line) VALUES ('|java+constructor:///com/factory/metrics/MetricRecord/MetricRecord()|', '/home/me/code/j9mpl/generated/MetricsLogger.java', 19, 19);
INSERT OR REPLACE INTO declarations (symbol_uri, file_path, start_line, end_line) VALUES ('|java+variable:///com/factory/metrics/MetricsLogger/initDatabase(java.lang.String)/scope(0)/scope(2)/scope(0)/scope(1)/$2|', '/home/me/code/j9mpl/generated/MetricsLogger.java', 49, 49);
INSERT OR REPLACE INTO declarations (symbol_uri, file_path, start_line, end_line) VALUES ('|java+class:///com/factory/metrics/MetricsLogger|', '/home/me/code/j9mpl/generated/MetricsLogger.java', 23, 156);
INSERT OR REPLACE INTO declarations (symbol_uri, file_path, start_line, end_line) VALUES ('|java+compilationUnit:///home/me/code/j9mpl/generated/TelemetryEngine.java|', '/home/me/code/j9mpl/generated/TelemetryEngine.java', 1, 37);
INSERT OR REPLACE INTO declarations (symbol_uri, file_path, start_line, end_line) VALUES ('|java+package:///com/factory/telemetry|', '/home/me/code/j9mpl/generated', 0, 0);
INSERT OR REPLACE INTO declarations (symbol_uri, file_path, start_line, end_line) VALUES ('|java+parameter:///com/factory/metrics/MetricsLogger/main(java.lang.String%5B%5D)/scope(args)/scope(0)/args|', '/home/me/code/j9mpl/generated/MetricsLogger.java', 133, 133);
INSERT OR REPLACE INTO declarations (symbol_uri, file_path, start_line, end_line) VALUES ('|java+variable:///com/factory/metrics/MetricsLogger/initDatabase(java.lang.String)/ex|', '/home/me/code/j9mpl/generated/MetricsLogger.java', 31, 31);
INSERT OR REPLACE INTO declarations (symbol_uri, file_path, start_line, end_line) VALUES ('|java+constructor:///com/factory/metrics/MetricsLogger/MetricsLogger()|', '/home/me/code/j9mpl/generated/MetricsLogger.java', 155, 155);
INSERT OR REPLACE INTO declarations (symbol_uri, file_path, start_line, end_line) VALUES ('|java+method:///com/factory/metrics/MetricsLogger/initDatabase(java.lang.String)|', '/home/me/code/j9mpl/generated/MetricsLogger.java', 26, 53);
INSERT OR REPLACE INTO declarations (symbol_uri, file_path, start_line, end_line) VALUES ('|java+compilationUnit:///home/me/code/j9mpl/examples/new-3.06/annotations/Author.java|', '/home/me/code/j9mpl/examples/new-3.06/annotations/Author.java', 1, 12);
INSERT OR REPLACE INTO declarations (symbol_uri, file_path, start_line, end_line) VALUES ('|java+variable:///com/factory/metrics/MetricsLogger/getAverageMetric(java.lang.String,java.lang.String)/conn|', '/home/me/code/j9mpl/generated/MetricsLogger.java', 92, 92);
INSERT OR REPLACE INTO declarations (symbol_uri, file_path, start_line, end_line) VALUES ('|java+variable:///RCSortStabilityJ/main(java.lang.String%5B%5D)/cn|', '/home/me/code/j9mpl/examples/rosettacode/RCSortStabilityJ.java', 19, 19);
INSERT OR REPLACE INTO declarations (symbol_uri, file_path, start_line, end_line) VALUES ('|java+parameter:///RCSortStabilityJ/main(java.lang.String%5B%5D)/scope(args)/scope(0)/args|', '/home/me/code/j9mpl/examples/rosettacode/RCSortStabilityJ.java', 17, 17);
INSERT OR REPLACE INTO declarations (symbol_uri, file_path, start_line, end_line) VALUES ('|java+compilationUnit:///home/me/code/j9mpl/generated/MetricsLogger.java|', '/home/me/code/j9mpl/generated/MetricsLogger.java', 1, 156);
INSERT OR REPLACE INTO declarations (symbol_uri, file_path, start_line, end_line) VALUES ('|java+parameter:///com/factory/metrics/MetricsLogger/logMetric(java.lang.String,com.factory.metrics.MetricRecord)/scope(dbPath)/scope(0)/dbPath|', '/home/me/code/j9mpl/generated/MetricsLogger.java', 58, 58);
INSERT OR REPLACE INTO declarations (symbol_uri, file_path, start_line, end_line) VALUES ('|java+field:///com/factory/metrics/MetricRecord/$0|', '/home/me/code/j9mpl/generated/MetricsLogger.java', 13, 13);
INSERT OR REPLACE INTO declarations (symbol_uri, file_path, start_line, end_line) VALUES ('|java+parameter:///com/factory/metrics/MetricsLogger/getAverageMetric(java.lang.String,java.lang.String)/scope(name)/scope(0)/name|', '/home/me/code/j9mpl/generated/MetricsLogger.java', 91, 91);
INSERT OR REPLACE INTO declarations (symbol_uri, file_path, start_line, end_line) VALUES ('|java+method:///RCSortStabilityJ/CountryComparator/compare(java.lang.String,java.lang.String)|', '/home/me/code/j9mpl/examples/rosettacode/RCSortStabilityJ.java', 62, 64);
INSERT OR REPLACE INTO declarations (symbol_uri, file_path, start_line, end_line) VALUES ('|java+parameter:///com/factory/metrics/MetricsLogger/getAverageMetric(java.lang.String,java.lang.String)/scope(dbPath)/scope(0)/dbPath|', '/home/me/code/j9mpl/generated/MetricsLogger.java', 91, 91);
INSERT OR REPLACE INTO declarations (symbol_uri, file_path, start_line, end_line) VALUES ('|java+variable:///com/factory/metrics/MetricsLogger/logMetric(java.lang.String,com.factory.metrics.MetricRecord)/conn|', '/home/me/code/j9mpl/generated/MetricsLogger.java', 59, 59);
INSERT OR REPLACE INTO declarations (symbol_uri, file_path, start_line, end_line) VALUES ('|java+parameter:///RCSortStabilityJ/CityComparator/compare(java.lang.String,java.lang.String)/scope(rgt)/scope(0)/rgt|', '/home/me/code/j9mpl/examples/rosettacode/RCSortStabilityJ.java', 56, 56);
INSERT OR REPLACE INTO declarations (symbol_uri, file_path, start_line, end_line) VALUES ('|java+package:///com/factory/metrics|', '/home/me/code/j9mpl/generated', 0, 0);
INSERT OR REPLACE INTO declarations (symbol_uri, file_path, start_line, end_line) VALUES ('|java+class:///com/factory/metrics/MetricRecord|', '/home/me/code/j9mpl/generated/MetricsLogger.java', 12, 20);
INSERT OR REPLACE INTO declarations (symbol_uri, file_path, start_line, end_line) VALUES ('|java+variable:///com/factory/metrics/MetricsLogger/getAverageMetric(java.lang.String,java.lang.String)/avgVal|', '/home/me/code/j9mpl/generated/MetricsLogger.java', 95, 95);
INSERT OR REPLACE INTO declarations (symbol_uri, file_path, start_line, end_line) VALUES ('|java+constructor:///com/factory/telemetry/TelemetryRecord/TelemetryRecord()|', '/home/me/code/j9mpl/generated/TelemetryEngine.java', 14, 14);
INSERT OR REPLACE INTO declarations (symbol_uri, file_path, start_line, end_line) VALUES ('|java+field:///com/factory/telemetry/TelemetryRecord/deviceId|', '/home/me/code/j9mpl/generated/TelemetryEngine.java', 10, 10);
INSERT OR REPLACE INTO declarations (symbol_uri, file_path, start_line, end_line) VALUES ('|java+parameter:///com/factory/telemetry/TelemetryEngine/processData(com.sun.net.httpserver.HttpExchange,com.factory.telemetry.TelemetryRecord)/scope(rec)/scope(0)/rec|', '/home/me/code/j9mpl/generated/TelemetryEngine.java', 24, 24);
INSERT OR REPLACE INTO containment (parent_uri, child_uri) VALUES ('|java+class:///RCSortStabilityJ/CityComparator|', '|java+method:///RCSortStabilityJ/CityComparator/compare(java.lang.String,java.lang.String)|');
INSERT OR REPLACE INTO containment (parent_uri, child_uri) VALUES ('|java+class:///RCSortStabilityJ/CountryComparator|', '|java+method:///RCSortStabilityJ/CountryComparator/compare(java.lang.String,java.lang.String)|');
INSERT OR REPLACE INTO containment (parent_uri, child_uri) VALUES ('|java+package:///com|', '|java+package:///com/factory|');
INSERT OR REPLACE INTO containment (parent_uri, child_uri) VALUES ('|java+class:///com/factory/telemetry/TelemetryRecord|', '|java+field:///com/factory/telemetry/TelemetryRecord/status|');
INSERT OR REPLACE INTO containment (parent_uri, child_uri) VALUES ('|java+class:///com/factory/telemetry/TelemetryRecord|', '|java+field:///com/factory/telemetry/TelemetryRecord/voltage|');
INSERT OR REPLACE INTO containment (parent_uri, child_uri) VALUES ('|java+class:///com/factory/telemetry/TelemetryRecord|', '|java+field:///com/factory/telemetry/TelemetryRecord/$0|');
INSERT OR REPLACE INTO containment (parent_uri, child_uri) VALUES ('|java+class:///com/factory/telemetry/TelemetryRecord|', '|java+field:///com/factory/telemetry/TelemetryRecord/deviceId|');
INSERT OR REPLACE INTO containment (parent_uri, child_uri) VALUES ('|java+class:///com/factory/telemetry/TelemetryRecord|', '|java+constructor:///com/factory/telemetry/TelemetryRecord/TelemetryRecord()|');
INSERT OR REPLACE INTO containment (parent_uri, child_uri) VALUES ('|java+method:///com/factory/metrics/MetricsLogger/main(java.lang.String%5B%5D)|', '|java+variable:///com/factory/metrics/MetricsLogger/main(java.lang.String%5B%5D)/avg|');
INSERT OR REPLACE INTO containment (parent_uri, child_uri) VALUES ('|java+method:///com/factory/metrics/MetricsLogger/main(java.lang.String%5B%5D)|', '|java+variable:///com/factory/metrics/MetricsLogger/main(java.lang.String%5B%5D)/dbFile|');
INSERT OR REPLACE INTO containment (parent_uri, child_uri) VALUES ('|java+method:///com/factory/metrics/MetricsLogger/main(java.lang.String%5B%5D)|', '|java+parameter:///com/factory/metrics/MetricsLogger/main(java.lang.String%5B%5D)/scope(args)/scope(0)/args|');
INSERT OR REPLACE INTO containment (parent_uri, child_uri) VALUES ('|java+method:///com/factory/metrics/MetricsLogger/main(java.lang.String%5B%5D)|', '|java+variable:///com/factory/metrics/MetricsLogger/main(java.lang.String%5B%5D)/rec1|');
INSERT OR REPLACE INTO containment (parent_uri, child_uri) VALUES ('|java+method:///com/factory/metrics/MetricsLogger/main(java.lang.String%5B%5D)|', '|java+variable:///com/factory/metrics/MetricsLogger/main(java.lang.String%5B%5D)/rec2|');
INSERT OR REPLACE INTO containment (parent_uri, child_uri) VALUES ('|java+class:///com/factory/telemetry/TelemetryEngine|', '|java+constructor:///com/factory/telemetry/TelemetryEngine/TelemetryEngine()|');
INSERT OR REPLACE INTO containment (parent_uri, child_uri) VALUES ('|java+class:///com/factory/telemetry/TelemetryEngine|', '|java+method:///com/factory/telemetry/TelemetryEngine/processData(com.sun.net.httpserver.HttpExchange,com.factory.telemetry.TelemetryRecord)|');
INSERT OR REPLACE INTO containment (parent_uri, child_uri) VALUES ('|java+class:///com/factory/telemetry/TelemetryEngine|', '|java+field:///com/factory/telemetry/TelemetryEngine/$0|');
INSERT OR REPLACE INTO containment (parent_uri, child_uri) VALUES ('|java+class:///com/factory/telemetry/TelemetryEngine|', '|java+field:///com/factory/telemetry/TelemetryEngine/$01|');
INSERT OR REPLACE INTO containment (parent_uri, child_uri) VALUES ('|java+method:///com/factory/metrics/MetricsLogger/initDatabase(java.lang.String)|', '|java+parameter:///com/factory/metrics/MetricsLogger/initDatabase(java.lang.String)/scope(dbPath)/scope(0)/dbPath|');
INSERT OR REPLACE INTO containment (parent_uri, child_uri) VALUES ('|java+method:///com/factory/metrics/MetricsLogger/initDatabase(java.lang.String)|', '|java+variable:///com/factory/metrics/MetricsLogger/initDatabase(java.lang.String)/stmt|');
INSERT OR REPLACE INTO containment (parent_uri, child_uri) VALUES ('|java+method:///com/factory/metrics/MetricsLogger/initDatabase(java.lang.String)|', '|java+variable:///com/factory/metrics/MetricsLogger/initDatabase(java.lang.String)/conn|');
INSERT OR REPLACE INTO containment (parent_uri, child_uri) VALUES ('|java+method:///com/factory/metrics/MetricsLogger/initDatabase(java.lang.String)|', '|java+variable:///com/factory/metrics/MetricsLogger/initDatabase(java.lang.String)/scope(0)/scope(1)/$1|');
INSERT OR REPLACE INTO containment (parent_uri, child_uri) VALUES ('|java+method:///com/factory/metrics/MetricsLogger/initDatabase(java.lang.String)|', '|java+variable:///com/factory/metrics/MetricsLogger/initDatabase(java.lang.String)/scope(0)/scope(2)/scope(0)/scope(1)/$2|');
INSERT OR REPLACE INTO containment (parent_uri, child_uri) VALUES ('|java+method:///com/factory/metrics/MetricsLogger/initDatabase(java.lang.String)|', '|java+variable:///com/factory/metrics/MetricsLogger/initDatabase(java.lang.String)/ex|');
INSERT OR REPLACE INTO containment (parent_uri, child_uri) VALUES ('|java+method:///RCSortStabilityJ/CountryComparator/compare(java.lang.String,java.lang.String)|', '|java+parameter:///RCSortStabilityJ/CountryComparator/compare(java.lang.String,java.lang.String)/scope(lft)/scope(0)/lft|');
INSERT OR REPLACE INTO containment (parent_uri, child_uri) VALUES ('|java+method:///RCSortStabilityJ/CountryComparator/compare(java.lang.String,java.lang.String)|', '|java+parameter:///RCSortStabilityJ/CountryComparator/compare(java.lang.String,java.lang.String)/scope(rgt)/scope(0)/rgt|');
INSERT OR REPLACE INTO containment (parent_uri, child_uri) VALUES ('|java+method:///com/factory/telemetry/TelemetryEngine/processData(com.sun.net.httpserver.HttpExchange,com.factory.telemetry.TelemetryRecord)|', '|java+parameter:///com/factory/telemetry/TelemetryEngine/processData(com.sun.net.httpserver.HttpExchange,com.factory.telemetry.TelemetryRecord)/scope(exchange)/scope(0)/exchange|');
INSERT OR REPLACE INTO containment (parent_uri, child_uri) VALUES ('|java+method:///com/factory/telemetry/TelemetryEngine/processData(com.sun.net.httpserver.HttpExchange,com.factory.telemetry.TelemetryRecord)|', '|java+parameter:///com/factory/telemetry/TelemetryEngine/processData(com.sun.net.httpserver.HttpExchange,com.factory.telemetry.TelemetryRecord)/scope(rec)/scope(0)/rec|');
INSERT OR REPLACE INTO containment (parent_uri, child_uri) VALUES ('|java+method:///RCSortStabilityJ/CityComparator/compare(java.lang.String,java.lang.String)|', '|java+parameter:///RCSortStabilityJ/CityComparator/compare(java.lang.String,java.lang.String)/scope(lft)/scope(0)/lft|');
INSERT OR REPLACE INTO containment (parent_uri, child_uri) VALUES ('|java+method:///RCSortStabilityJ/CityComparator/compare(java.lang.String,java.lang.String)|', '|java+parameter:///RCSortStabilityJ/CityComparator/compare(java.lang.String,java.lang.String)/scope(rgt)/scope(0)/rgt|');
INSERT OR REPLACE INTO containment (parent_uri, child_uri) VALUES ('|java+compilationUnit:///home/me/code/j9mpl/examples/rosettacode/RCSortStabilityJ.java|', '|java+class:///RCSortStabilityJ|');
INSERT OR REPLACE INTO containment (parent_uri, child_uri) VALUES ('|java+interface:///Authors|', '|java+method:///Authors/value()|');
INSERT OR REPLACE INTO containment (parent_uri, child_uri) VALUES ('|java+package:///com/factory|', '|java+package:///com/factory/telemetry|');
INSERT OR REPLACE INTO containment (parent_uri, child_uri) VALUES ('|java+package:///com/factory|', '|java+package:///com/factory/metrics|');
INSERT OR REPLACE INTO containment (parent_uri, child_uri) VALUES ('|java+interface:///Author|', '|java+method:///Author/name()|');
INSERT OR REPLACE INTO containment (parent_uri, child_uri) VALUES ('|java+interface:///Author|', '|java+method:///Author/date()|');
INSERT OR REPLACE INTO containment (parent_uri, child_uri) VALUES ('|java+compilationUnit:///home/me/code/j9mpl/examples/new-3.06/annotations/Authors.java|', '|java+interface:///Authors|');
INSERT OR REPLACE INTO containment (parent_uri, child_uri) VALUES ('|java+method:///com/factory/metrics/MetricsLogger/logMetric(java.lang.String,com.factory.metrics.MetricRecord)|', '|java+variable:///com/factory/metrics/MetricsLogger/logMetric(java.lang.String,com.factory.metrics.MetricRecord)/scope(0)/scope(1)/$3|');
INSERT OR REPLACE INTO containment (parent_uri, child_uri) VALUES ('|java+method:///com/factory/metrics/MetricsLogger/logMetric(java.lang.String,com.factory.metrics.MetricRecord)|', '|java+variable:///com/factory/metrics/MetricsLogger/logMetric(java.lang.String,com.factory.metrics.MetricRecord)/pstmt|');
INSERT OR REPLACE INTO containment (parent_uri, child_uri) VALUES ('|java+method:///com/factory/metrics/MetricsLogger/logMetric(java.lang.String,com.factory.metrics.MetricRecord)|', '|java+parameter:///com/factory/metrics/MetricsLogger/logMetric(java.lang.String,com.factory.metrics.MetricRecord)/scope(dbPath)/scope(0)/dbPath|');
INSERT OR REPLACE INTO containment (parent_uri, child_uri) VALUES ('|java+method:///com/factory/metrics/MetricsLogger/logMetric(java.lang.String,com.factory.metrics.MetricRecord)|', '|java+variable:///com/factory/metrics/MetricsLogger/logMetric(java.lang.String,com.factory.metrics.MetricRecord)/conn|');
INSERT OR REPLACE INTO containment (parent_uri, child_uri) VALUES ('|java+method:///com/factory/metrics/MetricsLogger/logMetric(java.lang.String,com.factory.metrics.MetricRecord)|', '|java+parameter:///com/factory/metrics/MetricsLogger/logMetric(java.lang.String,com.factory.metrics.MetricRecord)/scope(rec)/scope(0)/rec|');
INSERT OR REPLACE INTO containment (parent_uri, child_uri) VALUES ('|java+method:///com/factory/metrics/MetricsLogger/logMetric(java.lang.String,com.factory.metrics.MetricRecord)|', '|java+variable:///com/factory/metrics/MetricsLogger/logMetric(java.lang.String,com.factory.metrics.MetricRecord)/ex|');
INSERT OR REPLACE INTO containment (parent_uri, child_uri) VALUES ('|java+method:///com/factory/metrics/MetricsLogger/logMetric(java.lang.String,com.factory.metrics.MetricRecord)|', '|java+variable:///com/factory/metrics/MetricsLogger/logMetric(java.lang.String,com.factory.metrics.MetricRecord)/scope(0)/scope(2)/scope(0)/scope(1)/$4|');
INSERT OR REPLACE INTO containment (parent_uri, child_uri) VALUES ('|java+method:///RCSortStabilityJ/main(java.lang.String%5B%5D)|', '|java+variable:///RCSortStabilityJ/main(java.lang.String%5B%5D)/scope(0)/city|');
INSERT OR REPLACE INTO containment (parent_uri, child_uri) VALUES ('|java+method:///RCSortStabilityJ/main(java.lang.String%5B%5D)|', '|java+variable:///RCSortStabilityJ/main(java.lang.String%5B%5D)/scope(1)/city|');
INSERT OR REPLACE INTO containment (parent_uri, child_uri) VALUES ('|java+method:///RCSortStabilityJ/main(java.lang.String%5B%5D)|', '|java+variable:///RCSortStabilityJ/main(java.lang.String%5B%5D)/scope(2)/city|');
INSERT OR REPLACE INTO containment (parent_uri, child_uri) VALUES ('|java+method:///RCSortStabilityJ/main(java.lang.String%5B%5D)|', '|java+variable:///RCSortStabilityJ/main(java.lang.String%5B%5D)/scope(3)/city|');
INSERT OR REPLACE INTO containment (parent_uri, child_uri) VALUES ('|java+method:///RCSortStabilityJ/main(java.lang.String%5B%5D)|', '|java+variable:///RCSortStabilityJ/main(java.lang.String%5B%5D)/cn|');
INSERT OR REPLACE INTO containment (parent_uri, child_uri) VALUES ('|java+method:///RCSortStabilityJ/main(java.lang.String%5B%5D)|', '|java+parameter:///RCSortStabilityJ/main(java.lang.String%5B%5D)/scope(args)/scope(0)/args|');
INSERT OR REPLACE INTO containment (parent_uri, child_uri) VALUES ('|java+method:///com/factory/metrics/MetricsLogger/getAverageMetric(java.lang.String,java.lang.String)|', '|java+variable:///com/factory/metrics/MetricsLogger/getAverageMetric(java.lang.String,java.lang.String)/scope(0)/scope(1)/$5|');
INSERT OR REPLACE INTO containment (parent_uri, child_uri) VALUES ('|java+method:///com/factory/metrics/MetricsLogger/getAverageMetric(java.lang.String,java.lang.String)|', '|java+variable:///com/factory/metrics/MetricsLogger/getAverageMetric(java.lang.String,java.lang.String)/ex|');
INSERT OR REPLACE INTO containment (parent_uri, child_uri) VALUES ('|java+method:///com/factory/metrics/MetricsLogger/getAverageMetric(java.lang.String,java.lang.String)|', '|java+variable:///com/factory/metrics/MetricsLogger/getAverageMetric(java.lang.String,java.lang.String)/scope(0)/scope(2)/scope(0)/scope(1)/$6|');
INSERT OR REPLACE INTO containment (parent_uri, child_uri) VALUES ('|java+method:///com/factory/metrics/MetricsLogger/getAverageMetric(java.lang.String,java.lang.String)|', '|java+variable:///com/factory/metrics/MetricsLogger/getAverageMetric(java.lang.String,java.lang.String)/rs|');
INSERT OR REPLACE INTO containment (parent_uri, child_uri) VALUES ('|java+method:///com/factory/metrics/MetricsLogger/getAverageMetric(java.lang.String,java.lang.String)|', '|java+variable:///com/factory/metrics/MetricsLogger/getAverageMetric(java.lang.String,java.lang.String)/pstmt|');
INSERT OR REPLACE INTO containment (parent_uri, child_uri) VALUES ('|java+method:///com/factory/metrics/MetricsLogger/getAverageMetric(java.lang.String,java.lang.String)|', '|java+variable:///com/factory/metrics/MetricsLogger/getAverageMetric(java.lang.String,java.lang.String)/conn|');
INSERT OR REPLACE INTO containment (parent_uri, child_uri) VALUES ('|java+method:///com/factory/metrics/MetricsLogger/getAverageMetric(java.lang.String,java.lang.String)|', '|java+variable:///com/factory/metrics/MetricsLogger/getAverageMetric(java.lang.String,java.lang.String)/avgVal|');
INSERT OR REPLACE INTO containment (parent_uri, child_uri) VALUES ('|java+method:///com/factory/metrics/MetricsLogger/getAverageMetric(java.lang.String,java.lang.String)|', '|java+parameter:///com/factory/metrics/MetricsLogger/getAverageMetric(java.lang.String,java.lang.String)/scope(name)/scope(0)/name|');
INSERT OR REPLACE INTO containment (parent_uri, child_uri) VALUES ('|java+method:///com/factory/metrics/MetricsLogger/getAverageMetric(java.lang.String,java.lang.String)|', '|java+parameter:///com/factory/metrics/MetricsLogger/getAverageMetric(java.lang.String,java.lang.String)/scope(dbPath)/scope(0)/dbPath|');
INSERT OR REPLACE INTO containment (parent_uri, child_uri) VALUES ('|java+class:///RCSortStabilityJ|', '|java+class:///RCSortStabilityJ/CityComparator|');
INSERT OR REPLACE INTO containment (parent_uri, child_uri) VALUES ('|java+class:///RCSortStabilityJ|', '|java+field:///RCSortStabilityJ/cityList|');
INSERT OR REPLACE INTO containment (parent_uri, child_uri) VALUES ('|java+class:///RCSortStabilityJ|', '|java+class:///RCSortStabilityJ/CountryComparator|');
INSERT OR REPLACE INTO containment (parent_uri, child_uri) VALUES ('|java+class:///RCSortStabilityJ|', '|java+constructor:///RCSortStabilityJ/RCSortStabilityJ()|');
INSERT OR REPLACE INTO containment (parent_uri, child_uri) VALUES ('|java+class:///RCSortStabilityJ|', '|java+initializer:///RCSortStabilityJ$initializer1|');
INSERT OR REPLACE INTO containment (parent_uri, child_uri) VALUES ('|java+class:///RCSortStabilityJ|', '|java+method:///RCSortStabilityJ/main(java.lang.String%5B%5D)|');
INSERT OR REPLACE INTO containment (parent_uri, child_uri) VALUES ('|java+class:///com/factory/metrics/MetricsLogger|', '|java+method:///com/factory/metrics/MetricsLogger/logMetric(java.lang.String,com.factory.metrics.MetricRecord)|');
INSERT OR REPLACE INTO containment (parent_uri, child_uri) VALUES ('|java+class:///com/factory/metrics/MetricsLogger|', '|java+method:///com/factory/metrics/MetricsLogger/getAverageMetric(java.lang.String,java.lang.String)|');
INSERT OR REPLACE INTO containment (parent_uri, child_uri) VALUES ('|java+class:///com/factory/metrics/MetricsLogger|', '|java+field:///com/factory/metrics/MetricsLogger/$0|');
INSERT OR REPLACE INTO containment (parent_uri, child_uri) VALUES ('|java+class:///com/factory/metrics/MetricsLogger|', '|java+method:///com/factory/metrics/MetricsLogger/main(java.lang.String%5B%5D)|');
INSERT OR REPLACE INTO containment (parent_uri, child_uri) VALUES ('|java+class:///com/factory/metrics/MetricsLogger|', '|java+constructor:///com/factory/metrics/MetricsLogger/MetricsLogger()|');
INSERT OR REPLACE INTO containment (parent_uri, child_uri) VALUES ('|java+class:///com/factory/metrics/MetricsLogger|', '|java+method:///com/factory/metrics/MetricsLogger/initDatabase(java.lang.String)|');
INSERT OR REPLACE INTO containment (parent_uri, child_uri) VALUES ('|java+package:///com/factory/telemetry|', '|java+compilationUnit:///home/me/code/j9mpl/generated/TelemetryEngine.java|');
INSERT OR REPLACE INTO containment (parent_uri, child_uri) VALUES ('|java+compilationUnit:///home/me/code/j9mpl/generated/TelemetryEngine.java|', '|java+class:///com/factory/telemetry/TelemetryRecord|');
INSERT OR REPLACE INTO containment (parent_uri, child_uri) VALUES ('|java+compilationUnit:///home/me/code/j9mpl/generated/TelemetryEngine.java|', '|java+class:///com/factory/telemetry/TelemetryEngine|');
INSERT OR REPLACE INTO containment (parent_uri, child_uri) VALUES ('|java+compilationUnit:///home/me/code/j9mpl/examples/new-3.06/annotations/Author.java|', '|java+interface:///Author|');
INSERT OR REPLACE INTO containment (parent_uri, child_uri) VALUES ('|java+compilationUnit:///home/me/code/j9mpl/generated/MetricsLogger.java|', '|java+class:///com/factory/metrics/MetricsLogger|');
INSERT OR REPLACE INTO containment (parent_uri, child_uri) VALUES ('|java+compilationUnit:///home/me/code/j9mpl/generated/MetricsLogger.java|', '|java+class:///com/factory/metrics/MetricRecord|');
INSERT OR REPLACE INTO containment (parent_uri, child_uri) VALUES ('|java+package:///com/factory/metrics|', '|java+compilationUnit:///home/me/code/j9mpl/generated/MetricsLogger.java|');
INSERT OR REPLACE INTO containment (parent_uri, child_uri) VALUES ('|java+class:///com/factory/metrics/MetricRecord|', '|java+field:///com/factory/metrics/MetricRecord/timestamp|');
INSERT OR REPLACE INTO containment (parent_uri, child_uri) VALUES ('|java+class:///com/factory/metrics/MetricRecord|', '|java+field:///com/factory/metrics/MetricRecord/metricName|');
INSERT OR REPLACE INTO containment (parent_uri, child_uri) VALUES ('|java+class:///com/factory/metrics/MetricRecord|', '|java+field:///com/factory/metrics/MetricRecord/metricValue|');
INSERT OR REPLACE INTO containment (parent_uri, child_uri) VALUES ('|java+class:///com/factory/metrics/MetricRecord|', '|java+constructor:///com/factory/metrics/MetricRecord/MetricRecord()|');
INSERT OR REPLACE INTO containment (parent_uri, child_uri) VALUES ('|java+class:///com/factory/metrics/MetricRecord|', '|java+field:///com/factory/metrics/MetricRecord/$0|');
INSERT INTO symbol_uses (caller_uri, callee_uri, location_span) VALUES ('|java+method:///Authors/value()|', '|java+interface:///Author|', '8:4-8:10');
INSERT INTO symbol_uses (caller_uri, callee_uri, location_span) VALUES ('|java+method:///Author/date()|', '|java+class:///java/lang/String|', '11:2-11:8');
INSERT INTO symbol_uses (caller_uri, callee_uri, location_span) VALUES ('|java+method:///com/factory/metrics/MetricsLogger/main(java.lang.String%5B%5D)|', '|java+method:///com/factory/metrics/MetricsLogger/initDatabase(java.lang.String)|', '139:2-139:14');
INSERT INTO symbol_uses (caller_uri, callee_uri, location_span) VALUES ('|java+method:///com/factory/metrics/MetricsLogger/main(java.lang.String%5B%5D)|', '|java+variable:///com/factory/metrics/MetricsLogger/main(java.lang.String%5B%5D)/dbFile|', '139:15-139:21');
INSERT INTO symbol_uses (caller_uri, callee_uri, location_span) VALUES ('|java+compilationUnit:///home/me/code/j9mpl/generated/MetricsLogger.java|', '|java+package:///java/lang|', '15:13-15:17');
INSERT INTO symbol_uses (caller_uri, callee_uri, location_span) VALUES ('|java+method:///com/factory/metrics/MetricsLogger/main(java.lang.String%5B%5D)|', '|java+field:///com/factory/metrics/MetricRecord/metricName|', '147:7-147:17');
INSERT INTO symbol_uses (caller_uri, callee_uri, location_span) VALUES ('|java+method:///com/factory/metrics/MetricsLogger/getAverageMetric(java.lang.String,java.lang.String)|', '|java+method:///java/sql/Statement/close()|', '119:11-119:16');
INSERT INTO symbol_uses (caller_uri, callee_uri, location_span) VALUES ('|java+method:///com/factory/metrics/MetricsLogger/main(java.lang.String%5B%5D)|', '|java+field:///com/factory/metrics/MetricRecord/metricValue|', '143:7-143:18');
INSERT INTO symbol_uses (caller_uri, callee_uri, location_span) VALUES ('|java+method:///com/factory/metrics/MetricsLogger/main(java.lang.String%5B%5D)|', '|java+package:///netrexx/lang|', '143:31-143:35');
INSERT INTO symbol_uses (caller_uri, callee_uri, location_span) VALUES ('|java+method:///com/factory/metrics/MetricsLogger/main(java.lang.String%5B%5D)|', '|java+constructor:///netrexx/lang/Rexx/Rexx(float)|', '143:19-143:47');
INSERT INTO symbol_uses (caller_uri, callee_uri, location_span) VALUES ('|java+method:///com/factory/metrics/MetricsLogger/getAverageMetric(java.lang.String,java.lang.String)|', '|java+class:///java/sql/SQLException|', '111:18-111:30');
INSERT INTO symbol_uses (caller_uri, callee_uri, location_span) VALUES ('|java+method:///com/factory/metrics/MetricsLogger/getAverageMetric(java.lang.String,java.lang.String)|', '|java+package:///java/sql|', '111:14-111:17');
INSERT INTO symbol_uses (caller_uri, callee_uri, location_span) VALUES ('|java+method:///com/factory/metrics/MetricsLogger/logMetric(java.lang.String,com.factory.metrics.MetricRecord)|', '|java+variable:///com/factory/metrics/MetricsLogger/logMetric(java.lang.String,com.factory.metrics.MetricRecord)/conn|', '79:8-79:12');
INSERT INTO symbol_uses (caller_uri, callee_uri, location_span) VALUES ('|java+method:///com/factory/metrics/MetricsLogger/initDatabase(java.lang.String)|', '|java+method:///java/sql/Connection/close()|', '47:10-47:15');
INSERT INTO symbol_uses (caller_uri, callee_uri, location_span) VALUES ('|java+method:///com/factory/metrics/MetricsLogger/main(java.lang.String%5B%5D)|', '|java+class:///netrexx/lang/Rexx|', '143:23-143:40');
INSERT INTO symbol_uses (caller_uri, callee_uri, location_span) VALUES ('|java+method:///com/factory/metrics/MetricsLogger/getAverageMetric(java.lang.String,java.lang.String)|', '|java+variable:///com/factory/metrics/MetricsLogger/getAverageMetric(java.lang.String,java.lang.String)/scope(0)/scope(1)/$5|', '111:38-111:40');
INSERT INTO symbol_uses (caller_uri, callee_uri, location_span) VALUES ('|java+method:///com/factory/metrics/MetricsLogger/main(java.lang.String%5B%5D)|', '|java+package:///netrexx|', '143:23-143:30');
INSERT INTO symbol_uses (caller_uri, callee_uri, location_span) VALUES ('|java+method:///com/factory/metrics/MetricsLogger/initDatabase(java.lang.String)|', '|java+parameter:///com/factory/metrics/MetricsLogger/initDatabase(java.lang.String)/scope(dbPath)/scope(0)/dbPath|', '35:51-35:57');
INSERT INTO symbol_uses (caller_uri, callee_uri, location_span) VALUES ('|java+compilationUnit:///home/me/code/j9mpl/generated/MetricsLogger.java|', '|java+package:///com/factory/metrics|', '3:20-3:27');
INSERT INTO symbol_uses (caller_uri, callee_uri, location_span) VALUES ('|java+method:///com/factory/metrics/MetricsLogger/main(java.lang.String%5B%5D)|', '|java+interface:///java/lang/SuppressWarnings|', '131:2-131:18');
INSERT INTO symbol_uses (caller_uri, callee_uri, location_span) VALUES ('|java+compilationUnit:///home/me/code/j9mpl/generated/MetricsLogger.java|', '|java+package:///com/factory|', '3:12-3:19');
INSERT INTO symbol_uses (caller_uri, callee_uri, location_span) VALUES ('|java+compilationUnit:///home/me/code/j9mpl/generated/MetricsLogger.java|', '|java+package:///com|', '3:8-3:11');
INSERT INTO symbol_uses (caller_uri, callee_uri, location_span) VALUES ('|java+method:///com/factory/metrics/MetricsLogger/initDatabase(java.lang.String)|', '|java+variable:///com/factory/metrics/MetricsLogger/initDatabase(java.lang.String)/conn|', '35:3-35:7');
INSERT INTO symbol_uses (caller_uri, callee_uri, location_span) VALUES ('|java+method:///com/factory/metrics/MetricsLogger/initDatabase(java.lang.String)|', '|java+package:///java/sql|', '39:14-39:17');
INSERT INTO symbol_uses (caller_uri, callee_uri, location_span) VALUES ('|java+method:///com/factory/metrics/MetricsLogger/getAverageMetric(java.lang.String,java.lang.String)|', '|java+method:///java/sql/Connection/prepareStatement(java.lang.String)|', '103:14-103:30');
INSERT INTO symbol_uses (caller_uri, callee_uri, location_span) VALUES ('|java+method:///com/factory/metrics/MetricsLogger/initDatabase(java.lang.String)|', '|java+variable:///com/factory/metrics/MetricsLogger/initDatabase(java.lang.String)/scope(0)/scope(1)/$1|', '39:38-39:40');
INSERT INTO symbol_uses (caller_uri, callee_uri, location_span) VALUES ('|java+method:///com/factory/metrics/MetricsLogger/initDatabase(java.lang.String)|', '|java+class:///java/sql/SQLException|', '39:18-39:30');
INSERT INTO symbol_uses (caller_uri, callee_uri, location_span) VALUES ('|java+method:///com/factory/metrics/MetricsLogger/getAverageMetric(java.lang.String,java.lang.String)|', '|java+package:///java/lang|', '91:79-91:83');
INSERT INTO symbol_uses (caller_uri, callee_uri, location_span) VALUES ('|java+method:///com/factory/metrics/MetricsLogger/getAverageMetric(java.lang.String,java.lang.String)|', '|java+package:///netrexx/lang|', '91:23-91:27');
INSERT INTO symbol_uses (caller_uri, callee_uri, location_span) VALUES ('|java+compilationUnit:///home/me/code/j9mpl/examples/new-3.06/annotations/Author.java|', '|java+package:///java/lang/annotation|', '3:17-3:27');
INSERT INTO symbol_uses (caller_uri, callee_uri, location_span) VALUES ('|java+method:///com/factory/metrics/MetricsLogger/getAverageMetric(java.lang.String,java.lang.String)|', '|java+package:///java/lang|', '91:55-91:59');
INSERT INTO symbol_uses (caller_uri, callee_uri, location_span) VALUES ('|java+method:///com/factory/metrics/MetricsLogger/getAverageMetric(java.lang.String,java.lang.String)|', '|java+class:///netrexx/lang/Rexx|', '91:15-91:32');
INSERT INTO symbol_uses (caller_uri, callee_uri, location_span) VALUES ('|java+method:///com/factory/metrics/MetricsLogger/getAverageMetric(java.lang.String,java.lang.String)|', '|java+package:///netrexx|', '91:15-91:22');
INSERT INTO symbol_uses (caller_uri, callee_uri, location_span) VALUES ('|java+method:///com/factory/metrics/MetricsLogger/logMetric(java.lang.String,com.factory.metrics.MetricRecord)|', '|java+package:///java/sql|', '63:14-63:17');
INSERT INTO symbol_uses (caller_uri, callee_uri, location_span) VALUES ('|java+method:///com/factory/metrics/MetricsLogger/logMetric(java.lang.String,com.factory.metrics.MetricRecord)|', '|java+interface:///java/sql/PreparedStatement|', '63:18-63:35');
INSERT INTO symbol_uses (caller_uri, callee_uri, location_span) VALUES ('|java+method:///com/factory/metrics/MetricsLogger/logMetric(java.lang.String,com.factory.metrics.MetricRecord)|', '|java+variable:///com/factory/metrics/MetricsLogger/logMetric(java.lang.String,com.factory.metrics.MetricRecord)/pstmt|', '63:2-63:7');
INSERT INTO symbol_uses (caller_uri, callee_uri, location_span) VALUES ('|java+class:///com/factory/telemetry/TelemetryRecord|', '|java+class:///java/lang/String|', '10:8-10:24');
INSERT INTO symbol_uses (caller_uri, callee_uri, location_span) VALUES ('|java+class:///com/factory/telemetry/TelemetryRecord|', '|java+package:///java|', '10:8-10:12');
INSERT INTO symbol_uses (caller_uri, callee_uri, location_span) VALUES ('|java+method:///com/factory/metrics/MetricsLogger/initDatabase(java.lang.String)|', '|java+class:///java/sql/SQLException|', '31:2-31:23');
INSERT INTO symbol_uses (caller_uri, callee_uri, location_span) VALUES ('|java+method:///com/factory/metrics/MetricsLogger/initDatabase(java.lang.String)|', '|java+package:///java|', '31:2-31:6');
INSERT INTO symbol_uses (caller_uri, callee_uri, location_span) VALUES ('|java+method:///com/factory/metrics/MetricsLogger/getAverageMetric(java.lang.String,java.lang.String)|', '|java+variable:///com/factory/metrics/MetricsLogger/getAverageMetric(java.lang.String,java.lang.String)/pstmt|', '119:5-119:10');
INSERT INTO symbol_uses (caller_uri, callee_uri, location_span) VALUES ('|java+method:///com/factory/metrics/MetricsLogger/main(java.lang.String%5B%5D)|', '|java+class:///netrexx/lang/RexxIO|', '151:15-151:21');
INSERT INTO symbol_uses (caller_uri, callee_uri, location_span) VALUES ('|java+method:///com/factory/metrics/MetricsLogger/main(java.lang.String%5B%5D)|', '|java+class:///netrexx/lang/Rexx|', '151:39-151:43');
INSERT INTO symbol_uses (caller_uri, callee_uri, location_span) VALUES ('|java+method:///com/factory/metrics/MetricsLogger/initDatabase(java.lang.String)|', '|java+variable:///com/factory/metrics/MetricsLogger/initDatabase(java.lang.String)/conn|', '47:5-47:9');
INSERT INTO symbol_uses (caller_uri, callee_uri, location_span) VALUES ('|java+method:///com/factory/metrics/MetricsLogger/main(java.lang.String%5B%5D)|', '|java+class:///netrexx/lang/Rexx|', '143:36-143:40');
INSERT INTO symbol_uses (caller_uri, callee_uri, location_span) VALUES ('|java+compilationUnit:///home/me/code/j9mpl/generated/MetricsLogger.java|', '|java+class:///java/lang/String|', '15:8-15:24');
INSERT INTO symbol_uses (caller_uri, callee_uri, location_span) VALUES ('|java+compilationUnit:///home/me/code/j9mpl/generated/MetricsLogger.java|', '|java+package:///java|', '15:8-15:12');
INSERT INTO symbol_uses (caller_uri, callee_uri, location_span) VALUES ('|java+method:///com/factory/metrics/MetricsLogger/getAverageMetric(java.lang.String,java.lang.String)|', '|java+package:///java|', '111:9-111:13');
INSERT INTO symbol_uses (caller_uri, callee_uri, location_span) VALUES ('|java+method:///com/factory/metrics/MetricsLogger/getAverageMetric(java.lang.String,java.lang.String)|', '|java+class:///java/sql/SQLException|', '111:9-111:30');
INSERT INTO symbol_uses (caller_uri, callee_uri, location_span) VALUES ('|java+method:///com/factory/telemetry/TelemetryEngine/processData(com.sun.net.httpserver.HttpExchange,com.factory.telemetry.TelemetryRecord)|', '|java+interface:///java/lang/SuppressWarnings|', '22:2-22:18');
INSERT INTO symbol_uses (caller_uri, callee_uri, location_span) VALUES ('|java+method:///com/factory/metrics/MetricsLogger/getAverageMetric(java.lang.String,java.lang.String)|', '|java+interface:///java/sql/ResultSet|', '99:15-99:24');
INSERT INTO symbol_uses (caller_uri, callee_uri, location_span) VALUES ('|java+method:///com/factory/metrics/MetricsLogger/getAverageMetric(java.lang.String,java.lang.String)|', '|java+package:///java/sql|', '99:11-99:14');
INSERT INTO symbol_uses (caller_uri, callee_uri, location_span) VALUES ('|java+method:///com/factory/metrics/MetricsLogger/logMetric(java.lang.String,com.factory.metrics.MetricRecord)|', '|java+field:///com/factory/metrics/MetricRecord/timestamp|', '67:25-67:34');
INSERT INTO symbol_uses (caller_uri, callee_uri, location_span) VALUES ('|java+method:///com/factory/metrics/MetricsLogger/initDatabase(java.lang.String)|', '|java+method:///java/sql/DriverManager/getConnection(java.lang.String)|', '35:22-35:35');
INSERT INTO symbol_uses (caller_uri, callee_uri, location_span) VALUES ('|java+method:///com/factory/metrics/MetricsLogger/logMetric(java.lang.String,com.factory.metrics.MetricRecord)|', '|java+method:///java/sql/PreparedStatement/setString(int,java.lang.String)|', '67:9-67:18');
INSERT INTO symbol_uses (caller_uri, callee_uri, location_span) VALUES ('|java+method:///com/factory/metrics/MetricsLogger/logMetric(java.lang.String,com.factory.metrics.MetricRecord)|', '|java+field:///com/factory/metrics/MetricRecord/timestamp|', '67:21-67:34');
INSERT INTO symbol_uses (caller_uri, callee_uri, location_span) VALUES ('|java+method:///com/factory/metrics/MetricsLogger/logMetric(java.lang.String,com.factory.metrics.MetricRecord)|', '|java+parameter:///com/factory/metrics/MetricsLogger/logMetric(java.lang.String,com.factory.metrics.MetricRecord)/scope(rec)/scope(0)/rec|', '67:21-67:24');
INSERT INTO symbol_uses (caller_uri, callee_uri, location_span) VALUES ('|java+method:///com/factory/metrics/MetricsLogger/main(java.lang.String%5B%5D)|', '|java+class:///com/factory/metrics/MetricRecord|', '135:22-135:34');
INSERT INTO symbol_uses (caller_uri, callee_uri, location_span) VALUES ('|java+method:///com/factory/metrics/MetricsLogger/main(java.lang.String%5B%5D)|', '|java+package:///com/factory|', '135:6-135:13');
INSERT INTO symbol_uses (caller_uri, callee_uri, location_span) VALUES ('|java+method:///com/factory/metrics/MetricsLogger/main(java.lang.String%5B%5D)|', '|java+package:///com/factory/metrics|', '135:14-135:21');
INSERT INTO symbol_uses (caller_uri, callee_uri, location_span) VALUES ('|java+method:///com/factory/metrics/MetricsLogger/getAverageMetric(java.lang.String,java.lang.String)|', '|java+variable:///com/factory/metrics/MetricsLogger/getAverageMetric(java.lang.String,java.lang.String)/conn|', '103:9-103:13');
INSERT INTO symbol_uses (caller_uri, callee_uri, location_span) VALUES ('|java+method:///com/factory/metrics/MetricsLogger/main(java.lang.String%5B%5D)|', '|java+package:///com|', '135:2-135:5');
INSERT INTO symbol_uses (caller_uri, callee_uri, location_span) VALUES ('|java+method:///com/factory/metrics/MetricsLogger/main(java.lang.String%5B%5D)|', '|java+class:///com/factory/metrics/MetricRecord|', '135:2-135:34');
INSERT INTO symbol_uses (caller_uri, callee_uri, location_span) VALUES ('|java+method:///com/factory/metrics/MetricsLogger/initDatabase(java.lang.String)|', '|java+class:///java/sql/SQLException|', '39:9-39:30');
INSERT INTO symbol_uses (caller_uri, callee_uri, location_span) VALUES ('|java+method:///com/factory/metrics/MetricsLogger/initDatabase(java.lang.String)|', '|java+package:///java|', '39:9-39:13');
INSERT INTO symbol_uses (caller_uri, callee_uri, location_span) VALUES ('|java+method:///com/factory/metrics/MetricsLogger/getAverageMetric(java.lang.String,java.lang.String)|', '|java+class:///java/lang/String|', '91:60-91:66');
INSERT INTO symbol_uses (caller_uri, callee_uri, location_span) VALUES ('|java+method:///com/factory/metrics/MetricsLogger/getAverageMetric(java.lang.String,java.lang.String)|', '|java+class:///netrexx/lang/Rexx|', '91:28-91:32');
INSERT INTO symbol_uses (caller_uri, callee_uri, location_span) VALUES ('|java+compilationUnit:///home/me/code/j9mpl/examples/new-3.06/annotations/Author.java|', '|java+interface:///java/lang/annotation/Repeatable|', '3:28-3:38');
INSERT INTO symbol_uses (caller_uri, callee_uri, location_span) VALUES ('|java+compilationUnit:///home/me/code/j9mpl/examples/new-3.06/annotations/Author.java|', '|java+package:///java/lang|', '3:12-3:16');
INSERT INTO symbol_uses (caller_uri, callee_uri, location_span) VALUES ('|java+method:///com/factory/metrics/MetricsLogger/getAverageMetric(java.lang.String,java.lang.String)|', '|java+class:///java/sql/SQLException|', '123:19-123:31');
INSERT INTO symbol_uses (caller_uri, callee_uri, location_span) VALUES ('|java+method:///com/factory/metrics/MetricsLogger/getAverageMetric(java.lang.String,java.lang.String)|', '|java+package:///java/sql|', '123:15-123:18');
INSERT INTO symbol_uses (caller_uri, callee_uri, location_span) VALUES ('|java+method:///com/factory/metrics/MetricsLogger/getAverageMetric(java.lang.String,java.lang.String)|', '|java+class:///java/lang/String|', '91:84-91:90');
INSERT INTO symbol_uses (caller_uri, callee_uri, location_span) VALUES ('|java+method:///com/factory/metrics/MetricsLogger/initDatabase(java.lang.String)|', '|java+class:///java/sql/SQLException|', '31:11-31:23');
INSERT INTO symbol_uses (caller_uri, callee_uri, location_span) VALUES ('|java+method:///com/factory/metrics/MetricsLogger/getAverageMetric(java.lang.String,java.lang.String)|', '|java+variable:///com/factory/metrics/MetricsLogger/getAverageMetric(java.lang.String,java.lang.String)/avgVal|', '127:9-127:15');
INSERT INTO symbol_uses (caller_uri, callee_uri, location_span) VALUES ('|java+method:///com/factory/metrics/MetricsLogger/initDatabase(java.lang.String)|', '|java+package:///java/sql|', '31:7-31:10');
INSERT INTO symbol_uses (caller_uri, callee_uri, location_span) VALUES ('|java+method:///com/factory/metrics/MetricsLogger/logMetric(java.lang.String,com.factory.metrics.MetricRecord)|', '|java+interface:///java/sql/PreparedStatement|', '63:9-63:35');
INSERT INTO symbol_uses (caller_uri, callee_uri, location_span) VALUES ('|java+method:///com/factory/metrics/MetricsLogger/logMetric(java.lang.String,com.factory.metrics.MetricRecord)|', '|java+package:///java|', '63:9-63:13');
INSERT INTO symbol_uses (caller_uri, callee_uri, location_span) VALUES ('|java+method:///com/factory/metrics/MetricsLogger/main(java.lang.String%5B%5D)|', '|java+field:///com/factory/metrics/MetricRecord/metricName|', '147:2-147:17');
INSERT INTO symbol_uses (caller_uri, callee_uri, location_span) VALUES ('|java+method:///com/factory/metrics/MetricsLogger/main(java.lang.String%5B%5D)|', '|java+variable:///com/factory/metrics/MetricsLogger/main(java.lang.String%5B%5D)/rec2|', '147:2-147:6');
INSERT INTO symbol_uses (caller_uri, callee_uri, location_span) VALUES ('|java+method:///com/factory/metrics/MetricsLogger/main(java.lang.String%5B%5D)|', '|java+method:///netrexx/lang/Rexx/toRexx(java.lang.String)|', '151:44-151:50');
INSERT INTO symbol_uses (caller_uri, callee_uri, location_span) VALUES ('|java+method:///com/factory/metrics/MetricsLogger/main(java.lang.String%5B%5D)|', '|java+variable:///com/factory/metrics/MetricsLogger/main(java.lang.String%5B%5D)/avg|', '151:84-151:87');
INSERT INTO symbol_uses (caller_uri, callee_uri, location_span) VALUES ('|java+method:///com/factory/metrics/MetricsLogger/getAverageMetric(java.lang.String,java.lang.String)|', '|java+variable:///com/factory/metrics/MetricsLogger/getAverageMetric(java.lang.String,java.lang.String)/rs|', '99:2-99:4');
INSERT INTO symbol_uses (caller_uri, callee_uri, location_span) VALUES ('|java+method:///com/factory/metrics/MetricsLogger/getAverageMetric(java.lang.String,java.lang.String)|', '|java+interface:///java/sql/ResultSet|', '99:6-99:24');
INSERT INTO symbol_uses (caller_uri, callee_uri, location_span) VALUES ('|java+method:///com/factory/metrics/MetricsLogger/getAverageMetric(java.lang.String,java.lang.String)|', '|java+package:///java|', '99:6-99:10');
INSERT INTO symbol_uses (caller_uri, callee_uri, location_span) VALUES ('|java+compilationUnit:///home/me/code/j9mpl/generated/MetricsLogger.java|', '|java+package:///java|', '7:7-7:11');
INSERT INTO symbol_uses (caller_uri, callee_uri, location_span) VALUES ('|java+compilationUnit:///home/me/code/j9mpl/generated/MetricsLogger.java|', '|java+interface:///java/sql/PreparedStatement|', '7:7-7:33');
INSERT INTO symbol_uses (caller_uri, callee_uri, location_span) VALUES ('|java+method:///com/factory/metrics/MetricsLogger/logMetric(java.lang.String,com.factory.metrics.MetricRecord)|', '|java+interface:///java/sql/Connection|', '59:11-59:21');
INSERT INTO symbol_uses (caller_uri, callee_uri, location_span) VALUES ('|java+method:///com/factory/metrics/MetricsLogger/logMetric(java.lang.String,com.factory.metrics.MetricRecord)|', '|java+package:///java/sql|', '59:7-59:10');
INSERT INTO symbol_uses (caller_uri, callee_uri, location_span) VALUES ('|java+compilationUnit:///home/me/code/j9mpl/examples/new-3.06/annotations/Author.java|', '|java+interface:///java/lang/annotation/Repeatable|', '3:7-3:38');
INSERT INTO symbol_uses (caller_uri, callee_uri, location_span) VALUES ('|java+compilationUnit:///home/me/code/j9mpl/examples/new-3.06/annotations/Author.java|', '|java+package:///java|', '3:7-3:11');
INSERT INTO symbol_uses (caller_uri, callee_uri, location_span) VALUES ('|java+method:///com/factory/metrics/MetricsLogger/getAverageMetric(java.lang.String,java.lang.String)|', '|java+package:///java|', '123:10-123:14');
INSERT INTO symbol_uses (caller_uri, callee_uri, location_span) VALUES ('|java+method:///com/factory/metrics/MetricsLogger/getAverageMetric(java.lang.String,java.lang.String)|', '|java+class:///java/sql/SQLException|', '123:10-123:31');
INSERT INTO symbol_uses (caller_uri, callee_uri, location_span) VALUES ('|java+interface:///Author|', '|java+interface:///java/lang/annotation/Repeatable|', '7:1-7:11');
INSERT INTO symbol_uses (caller_uri, callee_uri, location_span) VALUES ('|java+method:///com/factory/metrics/MetricsLogger/getAverageMetric(java.lang.String,java.lang.String)|', '|java+package:///netrexx/lang|', '95:10-95:14');
INSERT INTO symbol_uses (caller_uri, callee_uri, location_span) VALUES ('|java+class:///com/factory/telemetry/TelemetryRecord|', '|java+class:///java/lang/String|', '10:18-10:24');
INSERT INTO symbol_uses (caller_uri, callee_uri, location_span) VALUES ('|java+method:///com/factory/metrics/MetricsLogger/getAverageMetric(java.lang.String,java.lang.String)|', '|java+package:///netrexx|', '95:2-95:9');
INSERT INTO symbol_uses (caller_uri, callee_uri, location_span) VALUES ('|java+method:///com/factory/metrics/MetricsLogger/getAverageMetric(java.lang.String,java.lang.String)|', '|java+class:///netrexx/lang/Rexx|', '95:2-95:19');
INSERT INTO symbol_uses (caller_uri, callee_uri, location_span) VALUES ('|java+method:///com/factory/metrics/MetricsLogger/getAverageMetric(java.lang.String,java.lang.String)|', '|java+variable:///com/factory/metrics/MetricsLogger/getAverageMetric(java.lang.String,java.lang.String)/ex|', '111:35-111:37');
INSERT INTO symbol_uses (caller_uri, callee_uri, location_span) VALUES ('|java+compilationUnit:///home/me/code/j9mpl/generated/MetricsLogger.java|', '|java+class:///java/lang/String|', '15:18-15:24');
INSERT INTO symbol_uses (caller_uri, callee_uri, location_span) VALUES ('|java+method:///com/factory/metrics/MetricsLogger/main(java.lang.String%5B%5D)|', '|java+field:///com/factory/metrics/MetricRecord/metricValue|', '143:2-143:18');
INSERT INTO symbol_uses (caller_uri, callee_uri, location_span) VALUES ('|java+method:///com/factory/metrics/MetricsLogger/main(java.lang.String%5B%5D)|', '|java+variable:///com/factory/metrics/MetricsLogger/main(java.lang.String%5B%5D)/rec1|', '143:2-143:6');
INSERT INTO symbol_uses (caller_uri, callee_uri, location_span) VALUES ('|java+method:///com/factory/metrics/MetricsLogger/logMetric(java.lang.String,com.factory.metrics.MetricRecord)|', '|java+variable:///com/factory/metrics/MetricsLogger/logMetric(java.lang.String,com.factory.metrics.MetricRecord)/pstmt|', '67:3-67:8');
INSERT INTO symbol_uses (caller_uri, callee_uri, location_span) VALUES ('|java+method:///com/factory/metrics/MetricsLogger/initDatabase(java.lang.String)|', '|java+class:///java/sql/DriverManager|', '35:8-35:21');
INSERT INTO symbol_uses (caller_uri, callee_uri, location_span) VALUES ('|java+method:///com/factory/metrics/MetricsLogger/getAverageMetric(java.lang.String,java.lang.String)|', '|java+variable:///com/factory/metrics/MetricsLogger/getAverageMetric(java.lang.String,java.lang.String)/pstmt|', '103:3-103:8');
INSERT INTO symbol_uses (caller_uri, callee_uri, location_span) VALUES ('|java+method:///com/factory/metrics/MetricsLogger/initDatabase(java.lang.String)|', '|java+variable:///com/factory/metrics/MetricsLogger/initDatabase(java.lang.String)/ex|', '39:35-39:37');
INSERT INTO symbol_uses (caller_uri, callee_uri, location_span) VALUES ('|java+compilationUnit:///home/me/code/j9mpl/generated/MetricsLogger.java|', '|java+interface:///java/sql/PreparedStatement|', '7:16-7:33');
INSERT INTO symbol_uses (caller_uri, callee_uri, location_span) VALUES ('|java+compilationUnit:///home/me/code/j9mpl/generated/MetricsLogger.java|', '|java+package:///java/sql|', '7:12-7:15');
INSERT INTO symbol_uses (caller_uri, callee_uri, location_span) VALUES ('|java+method:///com/factory/metrics/MetricsLogger/logMetric(java.lang.String,com.factory.metrics.MetricRecord)|', '|java+package:///java|', '59:2-59:6');
INSERT INTO symbol_uses (caller_uri, callee_uri, location_span) VALUES ('|java+method:///com/factory/metrics/MetricsLogger/logMetric(java.lang.String,com.factory.metrics.MetricRecord)|', '|java+interface:///java/sql/Connection|', '59:2-59:21');
INSERT INTO symbol_uses (caller_uri, callee_uri, location_span) VALUES ('|java+method:///com/factory/metrics/MetricsLogger/getAverageMetric(java.lang.String,java.lang.String)|', '|java+class:///java/lang/String|', '91:74-91:90');
INSERT INTO symbol_uses (caller_uri, callee_uri, location_span) VALUES ('|java+method:///com/factory/metrics/MetricsLogger/getAverageMetric(java.lang.String,java.lang.String)|', '|java+package:///java|', '91:74-91:78');
INSERT INTO symbol_uses (caller_uri, callee_uri, location_span) VALUES ('|java+method:///com/factory/metrics/MetricsLogger/getAverageMetric(java.lang.String,java.lang.String)|', '|java+package:///java|', '91:50-91:54');
INSERT INTO symbol_uses (caller_uri, callee_uri, location_span) VALUES ('|java+method:///com/factory/metrics/MetricsLogger/getAverageMetric(java.lang.String,java.lang.String)|', '|java+class:///java/lang/String|', '91:50-91:66');
INSERT INTO symbol_uses (caller_uri, callee_uri, location_span) VALUES ('|java+interface:///Author|', '|java+interface:///Authors|', '7:12-7:19');
INSERT INTO symbol_uses (caller_uri, callee_uri, location_span) VALUES ('|java+class:///com/factory/telemetry/TelemetryRecord|', '|java+package:///java/lang|', '10:13-10:17');
INSERT INTO symbol_uses (caller_uri, callee_uri, location_span) VALUES ('|java+method:///com/factory/metrics/MetricsLogger/getAverageMetric(java.lang.String,java.lang.String)|', '|java+class:///netrexx/lang/Rexx|', '95:15-95:19');
INSERT INTO symbol_uses (caller_uri, callee_uri, location_span) VALUES ('|java+method:///com/factory/metrics/MetricsLogger/main(java.lang.String%5B%5D)|', '|java+method:///netrexx/lang/Rexx/OpCc(netrexx.lang.RexxSet,netrexx.lang.Rexx)|', '151:74-151:78');
INSERT INTO symbol_uses (caller_uri, callee_uri, location_span) VALUES ('|java+method:///com/factory/metrics/MetricsLogger/main(java.lang.String%5B%5D)|', '|java+method:///netrexx/lang/RexxIO/Say(netrexx.lang.Rexx)|', '151:22-151:25');
INSERT INTO symbol_uses (caller_uri, callee_uri, location_span) VALUES ('|java+method:///com/factory/metrics/MetricsLogger/main(java.lang.String%5B%5D)|', '|java+package:///netrexx/lang|', '151:34-151:38');
INSERT INTO symbol_uses (caller_uri, callee_uri, location_span) VALUES ('|java+method:///com/factory/metrics/MetricsLogger/main(java.lang.String%5B%5D)|', '|java+package:///netrexx/lang|', '151:10-151:14');
INSERT INTO symbol_uses (caller_uri, callee_uri, location_span) VALUES ('|java+method:///com/factory/metrics/MetricsLogger/main(java.lang.String%5B%5D)|', '|java+package:///netrexx|', '151:26-151:33');
INSERT INTO symbol_uses (caller_uri, callee_uri, location_span) VALUES ('|java+method:///com/factory/metrics/MetricsLogger/main(java.lang.String%5B%5D)|', '|java+class:///netrexx/lang/Rexx|', '151:26-151:43');
INSERT INTO symbol_uses (caller_uri, callee_uri, location_span) VALUES ('|java+method:///com/factory/metrics/MetricsLogger/main(java.lang.String%5B%5D)|', '|java+class:///netrexx/lang/RexxIO|', '151:2-151:21');
INSERT INTO symbol_uses (caller_uri, callee_uri, location_span) VALUES ('|java+method:///com/factory/metrics/MetricsLogger/main(java.lang.String%5B%5D)|', '|java+package:///netrexx|', '151:2-151:9');
INSERT INTO symbol_uses (caller_uri, callee_uri, location_span) VALUES ('|java+compilationUnit:///home/me/code/j9mpl/examples/new-3.06/annotations/Authors.java|', '|java+package:///java/lang/annotation|', '1:17-1:27');
INSERT INTO symbol_uses (caller_uri, callee_uri, location_span) VALUES ('|java+interface:///Authors|', '|java+interface:///java/lang/annotation/Retention|', '5:1-5:10');
INSERT INTO symbol_uses (caller_uri, callee_uri, location_span) VALUES ('|java+interface:///Authors|', '|java+enumConstant:///java/lang/annotation/RetentionPolicy/RUNTIME|', '5:27-5:34');
INSERT INTO symbol_uses (caller_uri, callee_uri, location_span) VALUES ('|java+interface:///Authors|', '|java+enum:///java/lang/annotation/RetentionPolicy|', '5:11-5:26');
INSERT INTO symbol_uses (caller_uri, callee_uri, location_span) VALUES ('|java+interface:///Authors|', '|java+enumConstant:///java/lang/annotation/RetentionPolicy/RUNTIME|', '5:11-5:34');
INSERT INTO symbol_uses (caller_uri, callee_uri, location_span) VALUES ('|java+compilationUnit:///home/me/code/j9mpl/examples/new-3.06/annotations/Authors.java|', '|java+package:///java/lang|', '1:12-1:16');
INSERT INTO symbol_uses (caller_uri, callee_uri, location_span) VALUES ('|java+compilationUnit:///home/me/code/j9mpl/examples/new-3.06/annotations/Authors.java|', '|java+interface:///java/lang/annotation/Retention|', '1:28-1:37');
INSERT INTO symbol_uses (caller_uri, callee_uri, location_span) VALUES ('|java+compilationUnit:///home/me/code/j9mpl/examples/new-3.06/annotations/Authors.java|', '|java+interface:///java/lang/annotation/Retention|', '1:7-1:37');
INSERT INTO symbol_uses (caller_uri, callee_uri, location_span) VALUES ('|java+compilationUnit:///home/me/code/j9mpl/examples/new-3.06/annotations/Authors.java|', '|java+package:///java|', '1:7-1:11');
INSERT INTO symbol_uses (caller_uri, callee_uri, location_span) VALUES ('|java+method:///RCSortStabilityJ/main(java.lang.String%5B%5D)|', '|java+variable:///RCSortStabilityJ/main(java.lang.String%5B%5D)/cn|', '24:23-24:25');
INSERT INTO symbol_uses (caller_uri, callee_uri, location_span) VALUES ('|java+method:///RCSortStabilityJ/main(java.lang.String%5B%5D)|', '|java+method:///java/util/Arrays/sort(T%5B%5D,java.util.Comparator)|', '28:11-28:15');
INSERT INTO symbol_uses (caller_uri, callee_uri, location_span) VALUES ('|java+method:///RCSortStabilityJ/main(java.lang.String%5B%5D)|', '|java+class:///java/lang/String|', '32:9-32:15');
INSERT INTO symbol_uses (caller_uri, callee_uri, location_span) VALUES ('|java+method:///RCSortStabilityJ/main(java.lang.String%5B%5D)|', '|java+variable:///RCSortStabilityJ/main(java.lang.String%5B%5D)/cn|', '32:23-32:25');
INSERT INTO symbol_uses (caller_uri, callee_uri, location_span) VALUES ('|java+method:///RCSortStabilityJ/main(java.lang.String%5B%5D)|', '|java+variable:///java/lang/String%5B%5Dlength|', '36:29-36:35');
INSERT INTO symbol_uses (caller_uri, callee_uri, location_span) VALUES ('|java+method:///RCSortStabilityJ/main(java.lang.String%5B%5D)|', '|java+class:///java/lang/String|', '36:13-36:19');
INSERT INTO symbol_uses (caller_uri, callee_uri, location_span) VALUES ('|java+method:///RCSortStabilityJ/main(java.lang.String%5B%5D)|', '|java+variable:///RCSortStabilityJ/main(java.lang.String%5B%5D)/scope(2)/city|', '40:25-40:29');
INSERT INTO symbol_uses (caller_uri, callee_uri, location_span) VALUES ('|java+method:///RCSortStabilityJ/main(java.lang.String%5B%5D)|', '|java+method:///java/io/PrintStream/println(java.lang.String)|', '40:17-40:24');
INSERT INTO symbol_uses (caller_uri, callee_uri, location_span) VALUES ('|java+method:///RCSortStabilityJ/main(java.lang.String%5B%5D)|', '|java+field:///java/lang/System/out|', '40:13-40:16');
INSERT INTO symbol_uses (caller_uri, callee_uri, location_span) VALUES ('|java+method:///RCSortStabilityJ/main(java.lang.String%5B%5D)|', '|java+class:///java/util/Arrays|', '28:4-28:10');
INSERT INTO symbol_uses (caller_uri, callee_uri, location_span) VALUES ('|java+method:///RCSortStabilityJ/main(java.lang.String%5B%5D)|', '|java+class:///RCSortStabilityJ/CityComparator|', '28:24-28:38');
INSERT INTO symbol_uses (caller_uri, callee_uri, location_span) VALUES ('|java+method:///RCSortStabilityJ/main(java.lang.String%5B%5D)|', '|java+constructor:///RCSortStabilityJ/CityComparator/CityComparator()|', '28:20-28:40');
INSERT INTO symbol_uses (caller_uri, callee_uri, location_span) VALUES ('|java+method:///RCSortStabilityJ/main(java.lang.String%5B%5D)|', '|java+variable:///RCSortStabilityJ/main(java.lang.String%5B%5D)/cn|', '28:16-28:18');
INSERT INTO symbol_uses (caller_uri, callee_uri, location_span) VALUES ('|java+method:///RCSortStabilityJ/main(java.lang.String%5B%5D)|', '|java+variable:///RCSortStabilityJ/main(java.lang.String%5B%5D)/cn|', '36:4-36:6');
INSERT INTO symbol_uses (caller_uri, callee_uri, location_span) VALUES ('|java+method:///RCSortStabilityJ/main(java.lang.String%5B%5D)|', '|java+arrayLength:///java/lang/String%5B%5D|', '36:20-36:35');
INSERT INTO symbol_uses (caller_uri, callee_uri, location_span) VALUES ('|java+method:///RCSortStabilityJ/main(java.lang.String%5B%5D)|', '|java+field:///RCSortStabilityJ/cityList|', '36:20-36:28');
INSERT INTO symbol_uses (caller_uri, callee_uri, location_span) VALUES ('|java+method:///RCSortStabilityJ/CityComparator/compare(java.lang.String,java.lang.String)|', '|java+class:///java/lang/String|', '56:35-56:41');
INSERT INTO symbol_uses (caller_uri, callee_uri, location_span) VALUES ('|java+method:///RCSortStabilityJ/CityComparator/compare(java.lang.String,java.lang.String)|', '|java+class:///java/lang/String|', '56:23-56:29');
INSERT INTO symbol_uses (caller_uri, callee_uri, location_span) VALUES ('|java+method:///RCSortStabilityJ/main(java.lang.String%5B%5D)|', '|java+class:///java/lang/String|', '24:9-24:15');
INSERT INTO symbol_uses (caller_uri, callee_uri, location_span) VALUES ('|java+method:///RCSortStabilityJ/main(java.lang.String%5B%5D)|', '|java+field:///java/lang/System/out|', '40:6-40:16');
INSERT INTO symbol_uses (caller_uri, callee_uri, location_span) VALUES ('|java+method:///RCSortStabilityJ/main(java.lang.String%5B%5D)|', '|java+class:///java/lang/System|', '40:6-40:12');
INSERT INTO symbol_uses (caller_uri, callee_uri, location_span) VALUES ('|java+method:///com/factory/metrics/MetricsLogger/main(java.lang.String%5B%5D)|', '|java+variable:///com/factory/metrics/MetricsLogger/main(java.lang.String%5B%5D)/dbFile|', '138:2-138:8');
INSERT INTO symbol_uses (caller_uri, callee_uri, location_span) VALUES ('|java+method:///com/factory/metrics/MetricsLogger/main(java.lang.String%5B%5D)|', '|java+variable:///com/factory/metrics/MetricsLogger/main(java.lang.String%5B%5D)/dbFile|', '150:23-150:29');
INSERT INTO symbol_uses (caller_uri, callee_uri, location_span) VALUES ('|java+compilationUnit:///home/me/code/j9mpl/examples/new-3.06/annotations/Author.java|', '|java+package:///java/lang/annotation|', '2:17-2:27');
INSERT INTO symbol_uses (caller_uri, callee_uri, location_span) VALUES ('|java+method:///com/factory/metrics/MetricsLogger/getAverageMetric(java.lang.String,java.lang.String)|', '|java+variable:///com/factory/metrics/MetricsLogger/getAverageMetric(java.lang.String,java.lang.String)/rs|', '106:7-106:9');
INSERT INTO symbol_uses (caller_uri, callee_uri, location_span) VALUES ('|java+method:///com/factory/metrics/MetricsLogger/logMetric(java.lang.String,com.factory.metrics.MetricRecord)|', '|java+variable:///com/factory/metrics/MetricsLogger/logMetric(java.lang.String,com.factory.metrics.MetricRecord)/pstmt|', '66:3-66:8');
INSERT INTO symbol_uses (caller_uri, callee_uri, location_span) VALUES ('|java+method:///com/factory/metrics/MetricsLogger/main(java.lang.String%5B%5D)|', '|java+field:///com/factory/metrics/MetricRecord/timestamp|', '146:7-146:16');
INSERT INTO symbol_uses (caller_uri, callee_uri, location_span) VALUES ('|java+method:///com/factory/metrics/MetricsLogger/main(java.lang.String%5B%5D)|', '|java+field:///com/factory/metrics/MetricRecord/metricName|', '142:2-142:17');
INSERT INTO symbol_uses (caller_uri, callee_uri, location_span) VALUES ('|java+method:///com/factory/metrics/MetricsLogger/main(java.lang.String%5B%5D)|', '|java+variable:///com/factory/metrics/MetricsLogger/main(java.lang.String%5B%5D)/rec1|', '142:2-142:6');
INSERT INTO symbol_uses (caller_uri, callee_uri, location_span) VALUES ('|java+method:///com/factory/metrics/MetricsLogger/logMetric(java.lang.String,com.factory.metrics.MetricRecord)|', '|java+variable:///com/factory/metrics/MetricsLogger/logMetric(java.lang.String,com.factory.metrics.MetricRecord)/conn|', '66:9-66:13');
INSERT INTO symbol_uses (caller_uri, callee_uri, location_span) VALUES ('|java+method:///com/factory/metrics/MetricsLogger/getAverageMetric(java.lang.String,java.lang.String)|', '|java+interface:///java/sql/PreparedStatement|', '98:18-98:35');
INSERT INTO symbol_uses (caller_uri, callee_uri, location_span) VALUES ('|java+method:///com/factory/metrics/MetricsLogger/getAverageMetric(java.lang.String,java.lang.String)|', '|java+package:///java/sql|', '98:14-98:17');
INSERT INTO symbol_uses (caller_uri, callee_uri, location_span) VALUES ('|java+method:///com/factory/metrics/MetricsLogger/getAverageMetric(java.lang.String,java.lang.String)|', '|java+variable:///com/factory/metrics/MetricsLogger/getAverageMetric(java.lang.String,java.lang.String)/pstmt|', '98:2-98:7');
INSERT INTO symbol_uses (caller_uri, callee_uri, location_span) VALUES ('|java+class:///com/factory/telemetry/TelemetryEngine|', '|java+class:///netrexx/lang/Rexx|', '19:61-19:65');
INSERT INTO symbol_uses (caller_uri, callee_uri, location_span) VALUES ('|java+method:///com/factory/metrics/MetricsLogger/main(java.lang.String%5B%5D)|', '|java+class:///java/lang/String|', '134:12-134:18');
INSERT INTO symbol_uses (caller_uri, callee_uri, location_span) VALUES ('|java+compilationUnit:///home/me/code/j9mpl/generated/MetricsLogger.java|', '|java+package:///java/sql|', '6:12-6:15');
INSERT INTO symbol_uses (caller_uri, callee_uri, location_span) VALUES ('|java+method:///com/factory/metrics/MetricsLogger/logMetric(java.lang.String,com.factory.metrics.MetricRecord)|', '|java+variable:///com/factory/metrics/MetricsLogger/logMetric(java.lang.String,com.factory.metrics.MetricRecord)/pstmt|', '70:3-70:8');
INSERT INTO symbol_uses (caller_uri, callee_uri, location_span) VALUES ('|java+method:///com/factory/metrics/MetricsLogger/getAverageMetric(java.lang.String,java.lang.String)|', '|java+method:///java/sql/DriverManager/getConnection(java.lang.String)|', '102:22-102:35');
INSERT INTO symbol_uses (caller_uri, callee_uri, location_span) VALUES ('|java+compilationUnit:///home/me/code/j9mpl/generated/MetricsLogger.java|', '|java+interface:///java/sql/Statement|', '6:16-6:25');
INSERT INTO symbol_uses (caller_uri, callee_uri, location_span) VALUES ('|java+method:///com/factory/metrics/MetricsLogger/logMetric(java.lang.String,com.factory.metrics.MetricRecord)|', '|java+class:///com/factory/metrics/MetricRecord|', '58:74-58:86');
INSERT INTO symbol_uses (caller_uri, callee_uri, location_span) VALUES ('|java+method:///com/factory/metrics/MetricsLogger/logMetric(java.lang.String,com.factory.metrics.MetricRecord)|', '|java+package:///com/factory|', '58:58-58:65');
INSERT INTO symbol_uses (caller_uri, callee_uri, location_span) VALUES ('|java+method:///com/factory/metrics/MetricsLogger/logMetric(java.lang.String,com.factory.metrics.MetricRecord)|', '|java+package:///com/factory/metrics|', '58:66-58:73');
INSERT INTO symbol_uses (caller_uri, callee_uri, location_span) VALUES ('|java+method:///com/factory/metrics/MetricsLogger/logMetric(java.lang.String,com.factory.metrics.MetricRecord)|', '|java+class:///com/factory/metrics/MetricRecord|', '58:54-58:86');
INSERT INTO symbol_uses (caller_uri, callee_uri, location_span) VALUES ('|java+method:///com/factory/metrics/MetricsLogger/logMetric(java.lang.String,com.factory.metrics.MetricRecord)|', '|java+package:///com|', '58:54-58:57');
INSERT INTO symbol_uses (caller_uri, callee_uri, location_span) VALUES ('|java+method:///com/factory/metrics/MetricsLogger/logMetric(java.lang.String,com.factory.metrics.MetricRecord)|', '|java+class:///java/lang/String|', '58:30-58:46');
INSERT INTO symbol_uses (caller_uri, callee_uri, location_span) VALUES ('|java+method:///com/factory/metrics/MetricsLogger/logMetric(java.lang.String,com.factory.metrics.MetricRecord)|', '|java+package:///java|', '58:30-58:34');
INSERT INTO symbol_uses (caller_uri, callee_uri, location_span) VALUES ('|java+class:///com/factory/telemetry/TelemetryRecord|', '|java+class:///netrexx/lang/Rexx|', '11:21-11:25');
INSERT INTO symbol_uses (caller_uri, callee_uri, location_span) VALUES ('|java+method:///com/factory/metrics/MetricsLogger/logMetric(java.lang.String,com.factory.metrics.MetricRecord)|', '|java+interface:///java/sql/Connection|', '62:8-62:27');
INSERT INTO symbol_uses (caller_uri, callee_uri, location_span) VALUES ('|java+method:///com/factory/metrics/MetricsLogger/logMetric(java.lang.String,com.factory.metrics.MetricRecord)|', '|java+package:///java|', '62:8-62:12');
INSERT INTO symbol_uses (caller_uri, callee_uri, location_span) VALUES ('|java+method:///com/factory/metrics/MetricsLogger/logMetric(java.lang.String,com.factory.metrics.MetricRecord)|', '|java+class:///java/sql/SQLException|', '82:19-82:31');
INSERT INTO symbol_uses (caller_uri, callee_uri, location_span) VALUES ('|java+method:///com/factory/metrics/MetricsLogger/logMetric(java.lang.String,com.factory.metrics.MetricRecord)|', '|java+package:///java/sql|', '82:15-82:18');
INSERT INTO symbol_uses (caller_uri, callee_uri, location_span) VALUES ('|java+method:///com/factory/metrics/MetricsLogger/logMetric(java.lang.String,com.factory.metrics.MetricRecord)|', '|java+variable:///com/factory/metrics/MetricsLogger/logMetric(java.lang.String,com.factory.metrics.MetricRecord)/pstmt|', '78:5-78:10');
INSERT INTO symbol_uses (caller_uri, callee_uri, location_span) VALUES ('|java+method:///com/factory/metrics/MetricsLogger/main(java.lang.String%5B%5D)|', '|java+field:///com/factory/metrics/MetricRecord/metricName|', '142:7-142:17');
INSERT INTO symbol_uses (caller_uri, callee_uri, location_span) VALUES ('|java+method:///com/factory/metrics/MetricsLogger/logMetric(java.lang.String,com.factory.metrics.MetricRecord)|', '|java+method:///java/sql/Connection/prepareStatement(java.lang.String)|', '66:14-66:30');
INSERT INTO symbol_uses (caller_uri, callee_uri, location_span) VALUES ('|java+method:///com/factory/metrics/MetricsLogger/getAverageMetric(java.lang.String,java.lang.String)|', '|java+package:///java|', '98:9-98:13');
INSERT INTO symbol_uses (caller_uri, callee_uri, location_span) VALUES ('|java+method:///com/factory/metrics/MetricsLogger/getAverageMetric(java.lang.String,java.lang.String)|', '|java+interface:///java/sql/PreparedStatement|', '98:9-98:35');
INSERT INTO symbol_uses (caller_uri, callee_uri, location_span) VALUES ('|java+class:///com/factory/telemetry/TelemetryEngine|', '|java+constructor:///netrexx/lang/Rexx/Rexx(java.lang.String)|', '19:44-19:73');
INSERT INTO symbol_uses (caller_uri, callee_uri, location_span) VALUES ('|java+class:///com/factory/telemetry/TelemetryEngine|', '|java+package:///netrexx/lang|', '19:56-19:60');
INSERT INTO symbol_uses (caller_uri, callee_uri, location_span) VALUES ('|java+class:///com/factory/telemetry/TelemetryEngine|', '|java+package:///netrexx|', '19:48-19:55');
INSERT INTO symbol_uses (caller_uri, callee_uri, location_span) VALUES ('|java+class:///com/factory/telemetry/TelemetryEngine|', '|java+class:///netrexx/lang/Rexx|', '19:48-19:65');
INSERT INTO symbol_uses (caller_uri, callee_uri, location_span) VALUES ('|java+class:///com/factory/telemetry/TelemetryRecord|', '|java+package:///netrexx/lang|', '11:16-11:20');
INSERT INTO symbol_uses (caller_uri, callee_uri, location_span) VALUES ('|java+method:///com/factory/metrics/MetricsLogger/getAverageMetric(java.lang.String,java.lang.String)|', '|java+interface:///java/sql/ResultSet|', '94:2-94:20');
INSERT INTO symbol_uses (caller_uri, callee_uri, location_span) VALUES ('|java+method:///com/factory/metrics/MetricsLogger/getAverageMetric(java.lang.String,java.lang.String)|', '|java+package:///java|', '94:2-94:6');
INSERT INTO symbol_uses (caller_uri, callee_uri, location_span) VALUES ('|java+method:///com/factory/metrics/MetricsLogger/initDatabase(java.lang.String)|', '|java+package:///java|', '30:2-30:6');
INSERT INTO symbol_uses (caller_uri, callee_uri, location_span) VALUES ('|java+method:///com/factory/metrics/MetricsLogger/initDatabase(java.lang.String)|', '|java+interface:///java/sql/Statement|', '30:2-30:20');
INSERT INTO symbol_uses (caller_uri, callee_uri, location_span) VALUES ('|java+class:///com/factory/telemetry/TelemetryRecord|', '|java+package:///netrexx|', '11:8-11:15');
INSERT INTO symbol_uses (caller_uri, callee_uri, location_span) VALUES ('|java+class:///com/factory/telemetry/TelemetryRecord|', '|java+class:///netrexx/lang/Rexx|', '11:8-11:25');
INSERT INTO symbol_uses (caller_uri, callee_uri, location_span) VALUES ('|java+method:///Author/name()|', '|java+class:///java/lang/String|', '10:2-10:8');
INSERT INTO symbol_uses (caller_uri, callee_uri, location_span) VALUES ('|java+method:///com/factory/metrics/MetricsLogger/main(java.lang.String%5B%5D)|', '|java+field:///com/factory/metrics/MetricRecord/timestamp|', '146:2-146:16');
INSERT INTO symbol_uses (caller_uri, callee_uri, location_span) VALUES ('|java+method:///com/factory/metrics/MetricsLogger/main(java.lang.String%5B%5D)|', '|java+variable:///com/factory/metrics/MetricsLogger/main(java.lang.String%5B%5D)/rec2|', '146:2-146:6');
INSERT INTO symbol_uses (caller_uri, callee_uri, location_span) VALUES ('|java+class:///com/factory/telemetry/TelemetryEngine|', '|java+class:///netrexx/lang/Rexx|', '19:35-19:39');
INSERT INTO symbol_uses (caller_uri, callee_uri, location_span) VALUES ('|java+method:///com/factory/metrics/MetricsLogger/getAverageMetric(java.lang.String,java.lang.String)|', '|java+class:///java/sql/DriverManager|', '102:8-102:21');
INSERT INTO symbol_uses (caller_uri, callee_uri, location_span) VALUES ('|java+method:///com/factory/metrics/MetricsLogger/logMetric(java.lang.String,com.factory.metrics.MetricRecord)|', '|java+method:///java/sql/PreparedStatement/executeUpdate()|', '70:9-70:22');
INSERT INTO symbol_uses (caller_uri, callee_uri, location_span) VALUES ('|java+method:///com/factory/metrics/MetricsLogger/main(java.lang.String%5B%5D)|', '|java+class:///java/lang/String|', '134:2-134:18');
INSERT INTO symbol_uses (caller_uri, callee_uri, location_span) VALUES ('|java+method:///com/factory/metrics/MetricsLogger/main(java.lang.String%5B%5D)|', '|java+package:///java|', '134:2-134:6');
INSERT INTO symbol_uses (caller_uri, callee_uri, location_span) VALUES ('|java+compilationUnit:///home/me/code/j9mpl/examples/new-3.06/annotations/Author.java|', '|java+package:///java/lang|', '2:12-2:16');
INSERT INTO symbol_uses (caller_uri, callee_uri, location_span) VALUES ('|java+method:///com/factory/metrics/MetricsLogger/logMetric(java.lang.String,com.factory.metrics.MetricRecord)|', '|java+class:///java/lang/String|', '58:40-58:46');
INSERT INTO symbol_uses (caller_uri, callee_uri, location_span) VALUES ('|java+compilationUnit:///home/me/code/j9mpl/examples/new-3.06/annotations/Author.java|', '|java+enum:///java/lang/annotation/RetentionPolicy|', '2:28-2:43');
INSERT INTO symbol_uses (caller_uri, callee_uri, location_span) VALUES ('|java+method:///com/factory/metrics/MetricsLogger/logMetric(java.lang.String,com.factory.metrics.MetricRecord)|', '|java+variable:///com/factory/metrics/MetricsLogger/logMetric(java.lang.String,com.factory.metrics.MetricRecord)/conn|', '62:2-62:6');
INSERT INTO symbol_uses (caller_uri, callee_uri, location_span) VALUES ('|java+method:///com/factory/metrics/MetricsLogger/getAverageMetric(java.lang.String,java.lang.String)|', '|java+package:///java/sql|', '94:7-94:10');
INSERT INTO symbol_uses (caller_uri, callee_uri, location_span) VALUES ('|java+method:///com/factory/metrics/MetricsLogger/initDatabase(java.lang.String)|', '|java+interface:///java/sql/Statement|', '30:11-30:20');
INSERT INTO symbol_uses (caller_uri, callee_uri, location_span) VALUES ('|java+method:///com/factory/metrics/MetricsLogger/getAverageMetric(java.lang.String,java.lang.String)|', '|java+interface:///java/sql/ResultSet|', '94:11-94:20');
INSERT INTO symbol_uses (caller_uri, callee_uri, location_span) VALUES ('|java+method:///com/factory/metrics/MetricsLogger/initDatabase(java.lang.String)|', '|java+package:///java/sql|', '30:7-30:10');
INSERT INTO symbol_uses (caller_uri, callee_uri, location_span) VALUES ('|java+compilationUnit:///home/me/code/j9mpl/generated/TelemetryEngine.java|', '|java+package:///com|', '3:8-3:11');
INSERT INTO symbol_uses (caller_uri, callee_uri, location_span) VALUES ('|java+compilationUnit:///home/me/code/j9mpl/generated/TelemetryEngine.java|', '|java+package:///com/factory|', '3:12-3:19');
INSERT INTO symbol_uses (caller_uri, callee_uri, location_span) VALUES ('|java+compilationUnit:///home/me/code/j9mpl/generated/TelemetryEngine.java|', '|java+package:///com/factory/telemetry|', '3:20-3:29');
INSERT INTO symbol_uses (caller_uri, callee_uri, location_span) VALUES ('|java+method:///com/factory/metrics/MetricsLogger/getAverageMetric(java.lang.String,java.lang.String)|', '|java+method:///java/sql/ResultSet/next()|', '106:10-106:14');
INSERT INTO symbol_uses (caller_uri, callee_uri, location_span) VALUES ('|java+method:///com/factory/telemetry/TelemetryEngine/processData(com.sun.net.httpserver.HttpExchange,com.factory.telemetry.TelemetryRecord)|', '|java+field:///com/factory/telemetry/TelemetryRecord/status|', '31:8-31:14');
INSERT INTO symbol_uses (caller_uri, callee_uri, location_span) VALUES ('|java+method:///com/factory/telemetry/TelemetryEngine/processData(com.sun.net.httpserver.HttpExchange,com.factory.telemetry.TelemetryRecord)|', '|java+field:///com/factory/telemetry/TelemetryRecord/status|', '31:4-31:14');
INSERT INTO symbol_uses (caller_uri, callee_uri, location_span) VALUES ('|java+method:///com/factory/telemetry/TelemetryEngine/processData(com.sun.net.httpserver.HttpExchange,com.factory.telemetry.TelemetryRecord)|', '|java+parameter:///com/factory/telemetry/TelemetryEngine/processData(com.sun.net.httpserver.HttpExchange,com.factory.telemetry.TelemetryRecord)/scope(rec)/scope(0)/rec|', '31:4-31:7');
INSERT INTO symbol_uses (caller_uri, callee_uri, location_span) VALUES ('|java+method:///com/factory/metrics/MetricsLogger/logMetric(java.lang.String,com.factory.metrics.MetricRecord)|', '|java+method:///java/sql/Statement/close()|', '78:11-78:16');
INSERT INTO symbol_uses (caller_uri, callee_uri, location_span) VALUES ('|java+method:///com/factory/telemetry/TelemetryEngine/processData(com.sun.net.httpserver.HttpExchange,com.factory.telemetry.TelemetryRecord)|', '|java+field:///com/factory/telemetry/TelemetryRecord/status|', '27:8-27:14');
INSERT INTO symbol_uses (caller_uri, callee_uri, location_span) VALUES ('|java+method:///com/factory/metrics/MetricsLogger/initDatabase(java.lang.String)|', '|java+variable:///com/factory/metrics/MetricsLogger/initDatabase(java.lang.String)/conn|', '46:8-46:12');
INSERT INTO symbol_uses (caller_uri, callee_uri, location_span) VALUES ('|java+method:///com/factory/telemetry/TelemetryEngine/processData(com.sun.net.httpserver.HttpExchange,com.factory.telemetry.TelemetryRecord)|', '|java+field:///com/factory/telemetry/TelemetryRecord/status|', '27:4-27:14');
INSERT INTO symbol_uses (caller_uri, callee_uri, location_span) VALUES ('|java+method:///com/factory/telemetry/TelemetryEngine/processData(com.sun.net.httpserver.HttpExchange,com.factory.telemetry.TelemetryRecord)|', '|java+parameter:///com/factory/telemetry/TelemetryEngine/processData(com.sun.net.httpserver.HttpExchange,com.factory.telemetry.TelemetryRecord)/scope(rec)/scope(0)/rec|', '27:4-27:7');
INSERT INTO symbol_uses (caller_uri, callee_uri, location_span) VALUES ('|java+class:///com/factory/telemetry/TelemetryEngine|', '|java+package:///netrexx/lang|', '19:30-19:34');
INSERT INTO symbol_uses (caller_uri, callee_uri, location_span) VALUES ('|java+method:///com/factory/metrics/MetricsLogger/getAverageMetric(java.lang.String,java.lang.String)|', '|java+variable:///com/factory/metrics/MetricsLogger/getAverageMetric(java.lang.String,java.lang.String)/conn|', '102:3-102:7');
INSERT INTO symbol_uses (caller_uri, callee_uri, location_span) VALUES ('|java+method:///com/factory/metrics/MetricsLogger/getAverageMetric(java.lang.String,java.lang.String)|', '|java+parameter:///com/factory/metrics/MetricsLogger/getAverageMetric(java.lang.String,java.lang.String)/scope(dbPath)/scope(0)/dbPath|', '102:51-102:57');
INSERT INTO symbol_uses (caller_uri, callee_uri, location_span) VALUES ('|java+method:///com/factory/metrics/MetricsLogger/main(java.lang.String%5B%5D)|', '|java+package:///java/lang|', '134:7-134:11');
INSERT INTO symbol_uses (caller_uri, callee_uri, location_span) VALUES ('|java+class:///com/factory/telemetry/TelemetryEngine|', '|java+class:///netrexx/lang/Rexx|', '19:22-19:39');
INSERT INTO symbol_uses (caller_uri, callee_uri, location_span) VALUES ('|java+class:///com/factory/telemetry/TelemetryEngine|', '|java+package:///netrexx|', '19:22-19:29');
INSERT INTO symbol_uses (caller_uri, callee_uri, location_span) VALUES ('|java+compilationUnit:///home/me/code/j9mpl/generated/MetricsLogger.java|', '|java+package:///java|', '6:7-6:11');
INSERT INTO symbol_uses (caller_uri, callee_uri, location_span) VALUES ('|java+compilationUnit:///home/me/code/j9mpl/generated/MetricsLogger.java|', '|java+interface:///java/sql/Statement|', '6:7-6:25');
INSERT INTO symbol_uses (caller_uri, callee_uri, location_span) VALUES ('|java+method:///com/factory/metrics/MetricsLogger/initDatabase(java.lang.String)|', '|java+interface:///java/lang/SuppressWarnings|', '26:2-26:18');
INSERT INTO symbol_uses (caller_uri, callee_uri, location_span) VALUES ('|java+method:///com/factory/metrics/MetricsLogger/logMetric(java.lang.String,com.factory.metrics.MetricRecord)|', '|java+package:///java/lang|', '58:35-58:39');
INSERT INTO symbol_uses (caller_uri, callee_uri, location_span) VALUES ('|java+compilationUnit:///home/me/code/j9mpl/examples/new-3.06/annotations/Author.java|', '|java+package:///java|', '2:7-2:11');
INSERT INTO symbol_uses (caller_uri, callee_uri, location_span) VALUES ('|java+compilationUnit:///home/me/code/j9mpl/examples/new-3.06/annotations/Author.java|', '|java+enum:///java/lang/annotation/RetentionPolicy|', '2:7-2:43');
INSERT INTO symbol_uses (caller_uri, callee_uri, location_span) VALUES ('|java+method:///com/factory/metrics/MetricsLogger/logMetric(java.lang.String,com.factory.metrics.MetricRecord)|', '|java+interface:///java/sql/Connection|', '62:17-62:27');
INSERT INTO symbol_uses (caller_uri, callee_uri, location_span) VALUES ('|java+method:///com/factory/metrics/MetricsLogger/logMetric(java.lang.String,com.factory.metrics.MetricRecord)|', '|java+package:///java/sql|', '62:13-62:16');
INSERT INTO symbol_uses (caller_uri, callee_uri, location_span) VALUES ('|java+method:///com/factory/metrics/MetricsLogger/logMetric(java.lang.String,com.factory.metrics.MetricRecord)|', '|java+class:///java/sql/SQLException|', '82:10-82:31');
INSERT INTO symbol_uses (caller_uri, callee_uri, location_span) VALUES ('|java+method:///com/factory/metrics/MetricsLogger/logMetric(java.lang.String,com.factory.metrics.MetricRecord)|', '|java+package:///java|', '82:10-82:14');
INSERT INTO symbol_uses (caller_uri, callee_uri, location_span) VALUES ('|java+method:///com/factory/metrics/MetricsLogger/main(java.lang.String%5B%5D)|', '|java+variable:///com/factory/metrics/MetricsLogger/main(java.lang.String%5B%5D)/avg|', '150:2-150:5');
INSERT INTO symbol_uses (caller_uri, callee_uri, location_span) VALUES ('|java+method:///com/factory/metrics/MetricsLogger/main(java.lang.String%5B%5D)|', '|java+method:///com/factory/metrics/MetricsLogger/getAverageMetric(java.lang.String,java.lang.String)|', '150:6-150:22');
INSERT INTO symbol_uses (caller_uri, callee_uri, location_span) VALUES ('|java+method:///com/factory/metrics/MetricsLogger/getAverageMetric(java.lang.String,java.lang.String)|', '|java+variable:///com/factory/metrics/MetricsLogger/getAverageMetric(java.lang.String,java.lang.String)/pstmt|', '118:8-118:13');
INSERT INTO symbol_uses (caller_uri, callee_uri, location_span) VALUES ('|java+method:///RCSortStabilityJ/main(java.lang.String%5B%5D)|', '|java+method:///java/lang/System/arraycopy(java.lang.Object,int,java.lang.Object,int,int)|', '37:11-37:20');
INSERT INTO symbol_uses (caller_uri, callee_uri, location_span) VALUES ('|java+method:///RCSortStabilityJ/main(java.lang.String%5B%5D)|', '|java+class:///java/lang/String|', '17:26-17:32');
INSERT INTO symbol_uses (caller_uri, callee_uri, location_span) VALUES ('|java+method:///RCSortStabilityJ/CityComparator/compare(java.lang.String,java.lang.String)|', '|java+method:///java/lang/String/compareTo(java.lang.String)|', '57:30-57:39');
INSERT INTO symbol_uses (caller_uri, callee_uri, location_span) VALUES ('|java+class:///RCSortStabilityJ/CountryComparator|', '|java+interface:///java/util/Comparator|', '61:44-61:54');
INSERT INTO symbol_uses (caller_uri, callee_uri, location_span) VALUES ('|java+class:///RCSortStabilityJ/CountryComparator|', '|java+class:///java/lang/String|', '61:55-61:61');
INSERT INTO symbol_uses (caller_uri, callee_uri, location_span) VALUES ('|java+method:///RCSortStabilityJ/main(java.lang.String%5B%5D)|', '|java+class:///java/lang/System|', '37:4-37:10');
INSERT INTO symbol_uses (caller_uri, callee_uri, location_span) VALUES ('|java+method:///RCSortStabilityJ/CityComparator/compare(java.lang.String,java.lang.String)|', '|java+method:///java/lang/String/substring(int)|', '57:44-57:53');
INSERT INTO symbol_uses (caller_uri, callee_uri, location_span) VALUES ('|java+method:///RCSortStabilityJ/CityComparator/compare(java.lang.String,java.lang.String)|', '|java+parameter:///RCSortStabilityJ/CityComparator/compare(java.lang.String,java.lang.String)/scope(rgt)/scope(0)/rgt|', '57:40-57:43');
INSERT INTO symbol_uses (caller_uri, callee_uri, location_span) VALUES ('|java+method:///RCSortStabilityJ/main(java.lang.String%5B%5D)|', '|java+field:///java/lang/System/out|', '25:6-25:16');
INSERT INTO symbol_uses (caller_uri, callee_uri, location_span) VALUES ('|java+method:///RCSortStabilityJ/main(java.lang.String%5B%5D)|', '|java+class:///java/lang/System|', '25:6-25:12');
INSERT INTO symbol_uses (caller_uri, callee_uri, location_span) VALUES ('|java+method:///RCSortStabilityJ/main(java.lang.String%5B%5D)|', '|java+method:///java/io/PrintStream/println(java.lang.String)|', '45:15-45:22');
INSERT INTO symbol_uses (caller_uri, callee_uri, location_span) VALUES ('|java+method:///RCSortStabilityJ/main(java.lang.String%5B%5D)|', '|java+field:///java/lang/System/out|', '45:11-45:14');
INSERT INTO symbol_uses (caller_uri, callee_uri, location_span) VALUES ('|java+method:///RCSortStabilityJ/main(java.lang.String%5B%5D)|', '|java+variable:///java/lang/String%5B%5Dlength|', '37:50-37:56');
INSERT INTO symbol_uses (caller_uri, callee_uri, location_span) VALUES ('|java+method:///RCSortStabilityJ/main(java.lang.String%5B%5D)|', '|java+variable:///RCSortStabilityJ/main(java.lang.String%5B%5D)/cn|', '37:34-37:36');
INSERT INTO symbol_uses (caller_uri, callee_uri, location_span) VALUES ('|java+method:///RCSortStabilityJ/main(java.lang.String%5B%5D)|', '|java+variable:///RCSortStabilityJ/main(java.lang.String%5B%5D)/cn|', '21:4-21:6');
INSERT INTO symbol_uses (caller_uri, callee_uri, location_span) VALUES ('|java+method:///RCSortStabilityJ/main(java.lang.String%5B%5D)|', '|java+arrayLength:///java/lang/String%5B%5D|', '21:20-21:35');
INSERT INTO symbol_uses (caller_uri, callee_uri, location_span) VALUES ('|java+method:///RCSortStabilityJ/main(java.lang.String%5B%5D)|', '|java+field:///RCSortStabilityJ/cityList|', '21:20-21:28');
INSERT INTO symbol_uses (caller_uri, callee_uri, location_span) VALUES ('|java+method:///RCSortStabilityJ/main(java.lang.String%5B%5D)|', '|java+field:///java/lang/System/out|', '33:6-33:16');
INSERT INTO symbol_uses (caller_uri, callee_uri, location_span) VALUES ('|java+method:///RCSortStabilityJ/main(java.lang.String%5B%5D)|', '|java+class:///java/lang/System|', '33:6-33:12');
INSERT INTO symbol_uses (caller_uri, callee_uri, location_span) VALUES ('|java+method:///RCSortStabilityJ/main(java.lang.String%5B%5D)|', '|java+field:///RCSortStabilityJ/cityList|', '37:21-37:29');
INSERT INTO symbol_uses (caller_uri, callee_uri, location_span) VALUES ('|java+method:///RCSortStabilityJ/main(java.lang.String%5B%5D)|', '|java+field:///RCSortStabilityJ/cityList|', '37:41-37:49');
INSERT INTO symbol_uses (caller_uri, callee_uri, location_span) VALUES ('|java+method:///RCSortStabilityJ/main(java.lang.String%5B%5D)|', '|java+arrayLength:///java/lang/String%5B%5D|', '37:41-37:56');
INSERT INTO symbol_uses (caller_uri, callee_uri, location_span) VALUES ('|java+method:///RCSortStabilityJ/main(java.lang.String%5B%5D)|', '|java+variable:///java/lang/String%5B%5Dlength|', '21:29-21:35');
INSERT INTO symbol_uses (caller_uri, callee_uri, location_span) VALUES ('|java+method:///RCSortStabilityJ/main(java.lang.String%5B%5D)|', '|java+class:///java/lang/String|', '21:13-21:19');
INSERT INTO symbol_uses (caller_uri, callee_uri, location_span) VALUES ('|java+method:///RCSortStabilityJ/main(java.lang.String%5B%5D)|', '|java+method:///java/io/PrintStream/println(java.lang.String)|', '25:17-25:24');
INSERT INTO symbol_uses (caller_uri, callee_uri, location_span) VALUES ('|java+method:///RCSortStabilityJ/main(java.lang.String%5B%5D)|', '|java+field:///java/lang/System/out|', '25:13-25:16');
INSERT INTO symbol_uses (caller_uri, callee_uri, location_span) VALUES ('|java+method:///RCSortStabilityJ/CityComparator/compare(java.lang.String,java.lang.String)|', '|java+method:///java/lang/String/substring(int)|', '57:17-57:26');
INSERT INTO symbol_uses (caller_uri, callee_uri, location_span) VALUES ('|java+method:///RCSortStabilityJ/CityComparator/compare(java.lang.String,java.lang.String)|', '|java+parameter:///RCSortStabilityJ/CityComparator/compare(java.lang.String,java.lang.String)/scope(lft)/scope(0)/lft|', '57:13-57:16');
INSERT INTO symbol_uses (caller_uri, callee_uri, location_span) VALUES ('|java+method:///RCSortStabilityJ/main(java.lang.String%5B%5D)|', '|java+variable:///RCSortStabilityJ/main(java.lang.String%5B%5D)/scope(0)/city|', '25:25-25:29');
INSERT INTO symbol_uses (caller_uri, callee_uri, location_span) VALUES ('|java+method:///RCSortStabilityJ/main(java.lang.String%5B%5D)|', '|java+method:///java/io/PrintStream/println(java.lang.String)|', '33:17-33:24');
INSERT INTO symbol_uses (caller_uri, callee_uri, location_span) VALUES ('|java+method:///RCSortStabilityJ/main(java.lang.String%5B%5D)|', '|java+field:///java/lang/System/out|', '33:13-33:16');
INSERT INTO symbol_uses (caller_uri, callee_uri, location_span) VALUES ('|java+method:///RCSortStabilityJ/main(java.lang.String%5B%5D)|', '|java+variable:///RCSortStabilityJ/main(java.lang.String%5B%5D)/scope(1)/city|', '33:25-33:29');
INSERT INTO symbol_uses (caller_uri, callee_uri, location_span) VALUES ('|java+method:///RCSortStabilityJ/main(java.lang.String%5B%5D)|', '|java+field:///java/lang/System/out|', '45:4-45:14');
INSERT INTO symbol_uses (caller_uri, callee_uri, location_span) VALUES ('|java+method:///RCSortStabilityJ/main(java.lang.String%5B%5D)|', '|java+class:///java/lang/System|', '45:4-45:10');
INSERT INTO symbol_uses (caller_uri, callee_uri, location_span) VALUES ('|java+method:///com/factory/metrics/MetricsLogger/getAverageMetric(java.lang.String,java.lang.String)|', '|java+method:///java/sql/ResultSet/close()|', '117:8-117:13');
INSERT INTO symbol_uses (caller_uri, callee_uri, location_span) VALUES ('|java+method:///com/factory/metrics/MetricsLogger/getAverageMetric(java.lang.String,java.lang.String)|', '|java+method:///java/sql/PreparedStatement/executeQuery()|', '105:12-105:24');
INSERT INTO symbol_uses (caller_uri, callee_uri, location_span) VALUES ('|java+method:///com/factory/metrics/MetricsLogger/logMetric(java.lang.String,com.factory.metrics.MetricRecord)|', '|java+method:///java/sql/DriverManager/getConnection(java.lang.String)|', '65:22-65:35');
INSERT INTO symbol_uses (caller_uri, callee_uri, location_span) VALUES ('|java+compilationUnit:///home/me/code/j9mpl/generated/TelemetryEngine.java|', '|java+class:///com/sun/net/httpserver/HttpExchange|', '4:30-4:42');
INSERT INTO symbol_uses (caller_uri, callee_uri, location_span) VALUES ('|java+method:///com/factory/metrics/MetricsLogger/main(java.lang.String%5B%5D)|', '|java+method:///com/factory/metrics/MetricsLogger/logMetric(java.lang.String,com.factory.metrics.MetricRecord)|', '149:2-149:11');
INSERT INTO symbol_uses (caller_uri, callee_uri, location_span) VALUES ('|java+method:///com/factory/metrics/MetricsLogger/getAverageMetric(java.lang.String,java.lang.String)|', '|java+variable:///com/factory/metrics/MetricsLogger/getAverageMetric(java.lang.String,java.lang.String)/rs|', '105:3-105:5');
INSERT INTO symbol_uses (caller_uri, callee_uri, location_span) VALUES ('|java+method:///com/factory/metrics/MetricsLogger/logMetric(java.lang.String,com.factory.metrics.MetricRecord)|', '|java+variable:///com/factory/metrics/MetricsLogger/logMetric(java.lang.String,com.factory.metrics.MetricRecord)/pstmt|', '77:8-77:13');
INSERT INTO symbol_uses (caller_uri, callee_uri, location_span) VALUES ('|java+method:///com/factory/metrics/MetricsLogger/main(java.lang.String%5B%5D)|', '|java+variable:///com/factory/metrics/MetricsLogger/main(java.lang.String%5B%5D)/rec2|', '149:19-149:23');
INSERT INTO symbol_uses (caller_uri, callee_uri, location_span) VALUES ('|java+method:///com/factory/metrics/MetricsLogger/getAverageMetric(java.lang.String,java.lang.String)|', '|java+variable:///com/factory/metrics/MetricsLogger/getAverageMetric(java.lang.String,java.lang.String)/conn|', '121:5-121:9');
INSERT INTO symbol_uses (caller_uri, callee_uri, location_span) VALUES ('|java+compilationUnit:///home/me/code/j9mpl/generated/MetricsLogger.java|', '|java+class:///java/sql/DriverManager|', '9:16-9:29');
INSERT INTO symbol_uses (caller_uri, callee_uri, location_span) VALUES ('|java+compilationUnit:///home/me/code/j9mpl/generated/MetricsLogger.java|', '|java+package:///java/sql|', '9:12-9:15');
INSERT INTO symbol_uses (caller_uri, callee_uri, location_span) VALUES ('|java+method:///com/factory/metrics/MetricsLogger/main(java.lang.String%5B%5D)|', '|java+class:///netrexx/lang/Rexx|', '137:15-137:19');
INSERT INTO symbol_uses (caller_uri, callee_uri, location_span) VALUES ('|java+method:///com/factory/metrics/MetricsLogger/logMetric(java.lang.String,com.factory.metrics.MetricRecord)|', '|java+variable:///com/factory/metrics/MetricsLogger/logMetric(java.lang.String,com.factory.metrics.MetricRecord)/ex|', '73:3-73:5');
INSERT INTO symbol_uses (caller_uri, callee_uri, location_span) VALUES ('|java+method:///com/factory/telemetry/TelemetryEngine/processData(com.sun.net.httpserver.HttpExchange,com.factory.telemetry.TelemetryRecord)|', '|java+class:///com/sun|', '24:36-24:39');
INSERT INTO symbol_uses (caller_uri, callee_uri, location_span) VALUES ('|java+method:///com/factory/telemetry/TelemetryEngine/processData(com.sun.net.httpserver.HttpExchange,com.factory.telemetry.TelemetryRecord)|', '|java+package:///com/sun/net|', '24:40-24:43');
INSERT INTO symbol_uses (caller_uri, callee_uri, location_span) VALUES ('|java+method:///com/factory/telemetry/TelemetryEngine/processData(com.sun.net.httpserver.HttpExchange,com.factory.telemetry.TelemetryRecord)|', '|java+package:///com/sun/net/httpserver|', '24:44-24:54');
INSERT INTO symbol_uses (caller_uri, callee_uri, location_span) VALUES ('|java+method:///com/factory/metrics/MetricsLogger/initDatabase(java.lang.String)|', '|java+method:///java/sql/Statement/close()|', '45:10-45:15');
INSERT INTO symbol_uses (caller_uri, callee_uri, location_span) VALUES ('|java+compilationUnit:///home/me/code/j9mpl/generated/MetricsLogger.java|', '|java+package:///java/lang|', '13:27-13:31');
INSERT INTO symbol_uses (caller_uri, callee_uri, location_span) VALUES ('|java+method:///com/factory/telemetry/TelemetryEngine/processData(com.sun.net.httpserver.HttpExchange,com.factory.telemetry.TelemetryRecord)|', '|java+class:///com/sun/net/httpserver/HttpExchange|', '24:32-24:67');
INSERT INTO symbol_uses (caller_uri, callee_uri, location_span) VALUES ('|java+method:///com/factory/telemetry/TelemetryEngine/processData(com.sun.net.httpserver.HttpExchange,com.factory.telemetry.TelemetryRecord)|', '|java+package:///com|', '24:32-24:35');
INSERT INTO symbol_uses (caller_uri, callee_uri, location_span) VALUES ('|java+method:///com/factory/telemetry/TelemetryEngine/processData(com.sun.net.httpserver.HttpExchange,com.factory.telemetry.TelemetryRecord)|', '|java+class:///com/sun|', '24:32-24:39');
INSERT INTO symbol_uses (caller_uri, callee_uri, location_span) VALUES ('|java+method:///com/factory/metrics/MetricsLogger/main(java.lang.String%5B%5D)|', '|java+field:///com/factory/metrics/MetricRecord/timestamp|', '141:2-141:16');
INSERT INTO symbol_uses (caller_uri, callee_uri, location_span) VALUES ('|java+method:///com/factory/metrics/MetricsLogger/main(java.lang.String%5B%5D)|', '|java+variable:///com/factory/metrics/MetricsLogger/main(java.lang.String%5B%5D)/rec1|', '141:2-141:6');
INSERT INTO symbol_uses (caller_uri, callee_uri, location_span) VALUES ('|java+method:///com/factory/metrics/MetricsLogger/initDatabase(java.lang.String)|', '|java+interface:///java/sql/Statement|', '33:8-33:26');
INSERT INTO symbol_uses (caller_uri, callee_uri, location_span) VALUES ('|java+method:///com/factory/metrics/MetricsLogger/initDatabase(java.lang.String)|', '|java+package:///java|', '33:8-33:12');
INSERT INTO symbol_uses (caller_uri, callee_uri, location_span) VALUES ('|java+method:///com/factory/metrics/MetricsLogger/getAverageMetric(java.lang.String,java.lang.String)|', '|java+package:///java|', '97:8-97:12');
INSERT INTO symbol_uses (caller_uri, callee_uri, location_span) VALUES ('|java+method:///com/factory/metrics/MetricsLogger/getAverageMetric(java.lang.String,java.lang.String)|', '|java+interface:///java/sql/Connection|', '97:8-97:27');
INSERT INTO symbol_uses (caller_uri, callee_uri, location_span) VALUES ('|java+class:///com/factory/telemetry/TelemetryEngine|', '|java+class:///java/lang/String|', '20:22-20:38');
INSERT INTO symbol_uses (caller_uri, callee_uri, location_span) VALUES ('|java+class:///com/factory/telemetry/TelemetryEngine|', '|java+package:///java|', '20:22-20:26');
INSERT INTO symbol_uses (caller_uri, callee_uri, location_span) VALUES ('|java+method:///com/factory/metrics/MetricsLogger/logMetric(java.lang.String,com.factory.metrics.MetricRecord)|', '|java+method:///java/sql/PreparedStatement/setDouble(int,double)|', '69:9-69:18');
INSERT INTO symbol_uses (caller_uri, callee_uri, location_span) VALUES ('|java+method:///com/factory/metrics/MetricsLogger/logMetric(java.lang.String,com.factory.metrics.MetricRecord)|', '|java+field:///com/factory/metrics/MetricRecord/metricValue|', '69:25-69:36');
INSERT INTO symbol_uses (caller_uri, callee_uri, location_span) VALUES ('|java+method:///com/factory/metrics/MetricsLogger/logMetric(java.lang.String,com.factory.metrics.MetricRecord)|', '|java+method:///netrexx/lang/Rexx/todouble()|', '69:37-69:45');
INSERT INTO symbol_uses (caller_uri, callee_uri, location_span) VALUES ('|java+method:///com/factory/metrics/MetricsLogger/main(java.lang.String%5B%5D)|', '|java+class:///java/lang/String|', '133:35-133:41');
INSERT INTO symbol_uses (caller_uri, callee_uri, location_span) VALUES ('|java+method:///com/factory/metrics/MetricsLogger/initDatabase(java.lang.String)|', '|java+variable:///com/factory/metrics/MetricsLogger/initDatabase(java.lang.String)/stmt|', '37:3-37:7');
INSERT INTO symbol_uses (caller_uri, callee_uri, location_span) VALUES ('|java+method:///com/factory/metrics/MetricsLogger/logMetric(java.lang.String,com.factory.metrics.MetricRecord)|', '|java+field:///com/factory/metrics/MetricRecord/metricValue|', '69:21-69:36');
INSERT INTO symbol_uses (caller_uri, callee_uri, location_span) VALUES ('|java+method:///com/factory/metrics/MetricsLogger/logMetric(java.lang.String,com.factory.metrics.MetricRecord)|', '|java+parameter:///com/factory/metrics/MetricsLogger/logMetric(java.lang.String,com.factory.metrics.MetricRecord)/scope(rec)/scope(0)/rec|', '69:21-69:24');
INSERT INTO symbol_uses (caller_uri, callee_uri, location_span) VALUES ('|java+compilationUnit:///home/me/code/j9mpl/generated/MetricsLogger.java|', '|java+package:///java|', '5:7-5:11');
INSERT INTO symbol_uses (caller_uri, callee_uri, location_span) VALUES ('|java+compilationUnit:///home/me/code/j9mpl/generated/MetricsLogger.java|', '|java+interface:///java/sql/ResultSet|', '5:7-5:25');
INSERT INTO symbol_uses (caller_uri, callee_uri, location_span) VALUES ('|java+compilationUnit:///home/me/code/j9mpl/examples/new-3.06/annotations/Author.java|', '|java+package:///java/lang/annotation|', '1:17-1:27');
INSERT INTO symbol_uses (caller_uri, callee_uri, location_span) VALUES ('|java+method:///com/factory/metrics/MetricsLogger/getAverageMetric(java.lang.String,java.lang.String)|', '|java+interface:///java/lang/SuppressWarnings|', '89:2-89:18');
INSERT INTO symbol_uses (caller_uri, callee_uri, location_span) VALUES ('|java+class:///com/factory/telemetry/TelemetryRecord|', '|java+class:///java/lang/String|', '12:18-12:24');
INSERT INTO symbol_uses (caller_uri, callee_uri, location_span) VALUES ('|java+class:///com/factory/telemetry/TelemetryRecord|', '|java+class:///java/lang/String|', '8:22-8:38');
INSERT INTO symbol_uses (caller_uri, callee_uri, location_span) VALUES ('|java+class:///com/factory/telemetry/TelemetryRecord|', '|java+package:///java|', '8:22-8:26');
INSERT INTO symbol_uses (caller_uri, callee_uri, location_span) VALUES ('|java+compilationUnit:///home/me/code/j9mpl/generated/TelemetryEngine.java|', '|java+class:///com/sun|', '4:11-4:14');
INSERT INTO symbol_uses (caller_uri, callee_uri, location_span) VALUES ('|java+compilationUnit:///home/me/code/j9mpl/generated/TelemetryEngine.java|', '|java+class:///com/sun/net/httpserver/HttpExchange|', '4:7-4:42');
INSERT INTO symbol_uses (caller_uri, callee_uri, location_span) VALUES ('|java+compilationUnit:///home/me/code/j9mpl/generated/TelemetryEngine.java|', '|java+package:///com|', '4:7-4:10');
INSERT INTO symbol_uses (caller_uri, callee_uri, location_span) VALUES ('|java+compilationUnit:///home/me/code/j9mpl/generated/TelemetryEngine.java|', '|java+class:///com/sun|', '4:7-4:14');
INSERT INTO symbol_uses (caller_uri, callee_uri, location_span) VALUES ('|java+method:///com/factory/metrics/MetricsLogger/initDatabase(java.lang.String)|', '|java+package:///java|', '49:10-49:14');
INSERT INTO symbol_uses (caller_uri, callee_uri, location_span) VALUES ('|java+method:///com/factory/metrics/MetricsLogger/initDatabase(java.lang.String)|', '|java+class:///java/sql/SQLException|', '49:10-49:31');
INSERT INTO symbol_uses (caller_uri, callee_uri, location_span) VALUES ('|java+compilationUnit:///home/me/code/j9mpl/generated/TelemetryEngine.java|', '|java+package:///com/sun/net/httpserver|', '4:19-4:29');
INSERT INTO symbol_uses (caller_uri, callee_uri, location_span) VALUES ('|java+method:///com/factory/telemetry/TelemetryEngine/processData(com.sun.net.httpserver.HttpExchange,com.factory.telemetry.TelemetryRecord)|', '|java+class:///com/sun/net/httpserver/HttpExchange|', '24:55-24:67');
INSERT INTO symbol_uses (caller_uri, callee_uri, location_span) VALUES ('|java+method:///com/factory/telemetry/TelemetryEngine/processData(com.sun.net.httpserver.HttpExchange,com.factory.telemetry.TelemetryRecord)|', '|java+class:///com/factory/telemetry/TelemetryRecord|', '24:99-24:114');
INSERT INTO symbol_uses (caller_uri, callee_uri, location_span) VALUES ('|java+compilationUnit:///home/me/code/j9mpl/generated/MetricsLogger.java|', '|java+class:///java/lang/String|', '13:32-13:38');
INSERT INTO symbol_uses (caller_uri, callee_uri, location_span) VALUES ('|java+method:///com/factory/metrics/MetricsLogger/main(java.lang.String%5B%5D)|', '|java+field:///com/factory/metrics/MetricRecord/timestamp|', '141:7-141:16');
INSERT INTO symbol_uses (caller_uri, callee_uri, location_span) VALUES ('|java+method:///com/factory/metrics/MetricsLogger/initDatabase(java.lang.String)|', '|java+variable:///com/factory/metrics/MetricsLogger/initDatabase(java.lang.String)/stmt|', '45:5-45:9');
INSERT INTO symbol_uses (caller_uri, callee_uri, location_span) VALUES ('|java+compilationUnit:///home/me/code/j9mpl/generated/MetricsLogger.java|', '|java+package:///java/sql|', '5:12-5:15');
INSERT INTO symbol_uses (caller_uri, callee_uri, location_span) VALUES ('|java+compilationUnit:///home/me/code/j9mpl/generated/MetricsLogger.java|', '|java+interface:///java/sql/ResultSet|', '5:16-5:25');
INSERT INTO symbol_uses (caller_uri, callee_uri, location_span) VALUES ('|java+compilationUnit:///home/me/code/j9mpl/examples/new-3.06/annotations/Author.java|', '|java+interface:///java/lang/annotation/Retention|', '1:28-1:37');
INSERT INTO symbol_uses (caller_uri, callee_uri, location_span) VALUES ('|java+compilationUnit:///home/me/code/j9mpl/examples/new-3.06/annotations/Author.java|', '|java+package:///java/lang|', '1:12-1:16');
INSERT INTO symbol_uses (caller_uri, callee_uri, location_span) VALUES ('|java+class:///com/factory/telemetry/TelemetryRecord|', '|java+package:///java/lang|', '12:13-12:17');
INSERT INTO symbol_uses (caller_uri, callee_uri, location_span) VALUES ('|java+interface:///Author|', '|java+enumConstant:///java/lang/annotation/RetentionPolicy/RUNTIME|', '5:27-5:34');
INSERT INTO symbol_uses (caller_uri, callee_uri, location_span) VALUES ('|java+method:///com/factory/metrics/MetricsLogger/getAverageMetric(java.lang.String,java.lang.String)|', '|java+interface:///java/sql/PreparedStatement|', '93:2-93:28');
INSERT INTO symbol_uses (caller_uri, callee_uri, location_span) VALUES ('|java+method:///com/factory/metrics/MetricsLogger/getAverageMetric(java.lang.String,java.lang.String)|', '|java+package:///java|', '93:2-93:6');
INSERT INTO symbol_uses (caller_uri, callee_uri, location_span) VALUES ('|java+interface:///Author|', '|java+enumConstant:///java/lang/annotation/RetentionPolicy/RUNTIME|', '5:11-5:34');
INSERT INTO symbol_uses (caller_uri, callee_uri, location_span) VALUES ('|java+interface:///Author|', '|java+enum:///java/lang/annotation/RetentionPolicy|', '5:11-5:26');
INSERT INTO symbol_uses (caller_uri, callee_uri, location_span) VALUES ('|java+method:///com/factory/metrics/MetricsLogger/initDatabase(java.lang.String)|', '|java+package:///java|', '29:2-29:6');
INSERT INTO symbol_uses (caller_uri, callee_uri, location_span) VALUES ('|java+method:///com/factory/metrics/MetricsLogger/initDatabase(java.lang.String)|', '|java+interface:///java/sql/Connection|', '29:2-29:21');
INSERT INTO symbol_uses (caller_uri, callee_uri, location_span) VALUES ('|java+method:///com/factory/metrics/MetricsLogger/initDatabase(java.lang.String)|', '|java+variable:///com/factory/metrics/MetricsLogger/initDatabase(java.lang.String)/stmt|', '33:2-33:6');
INSERT INTO symbol_uses (caller_uri, callee_uri, location_span) VALUES ('|java+method:///com/factory/metrics/MetricsLogger/logMetric(java.lang.String,com.factory.metrics.MetricRecord)|', '|java+variable:///com/factory/metrics/MetricsLogger/logMetric(java.lang.String,com.factory.metrics.MetricRecord)/conn|', '65:3-65:7');
INSERT INTO symbol_uses (caller_uri, callee_uri, location_span) VALUES ('|java+class:///com/factory/telemetry/TelemetryEngine|', '|java+class:///java/lang/String|', '20:32-20:38');
INSERT INTO symbol_uses (caller_uri, callee_uri, location_span) VALUES ('|java+method:///com/factory/metrics/MetricsLogger/logMetric(java.lang.String,com.factory.metrics.MetricRecord)|', '|java+parameter:///com/factory/metrics/MetricsLogger/logMetric(java.lang.String,com.factory.metrics.MetricRecord)/scope(dbPath)/scope(0)/dbPath|', '65:51-65:57');
INSERT INTO symbol_uses (caller_uri, callee_uri, location_span) VALUES ('|java+method:///com/factory/metrics/MetricsLogger/getAverageMetric(java.lang.String,java.lang.String)|', '|java+variable:///com/factory/metrics/MetricsLogger/getAverageMetric(java.lang.String,java.lang.String)/conn|', '97:2-97:6');
INSERT INTO symbol_uses (caller_uri, callee_uri, location_span) VALUES ('|java+method:///com/factory/metrics/MetricsLogger/logMetric(java.lang.String,com.factory.metrics.MetricRecord)|', '|java+variable:///com/factory/metrics/MetricsLogger/logMetric(java.lang.String,com.factory.metrics.MetricRecord)/pstmt|', '69:3-69:8');
INSERT INTO symbol_uses (caller_uri, callee_uri, location_span) VALUES ('|java+method:///com/factory/metrics/MetricsLogger/main(java.lang.String%5B%5D)|', '|java+class:///java/lang/String|', '133:25-133:41');
INSERT INTO symbol_uses (caller_uri, callee_uri, location_span) VALUES ('|java+method:///com/factory/metrics/MetricsLogger/main(java.lang.String%5B%5D)|', '|java+package:///java|', '133:25-133:29');
INSERT INTO symbol_uses (caller_uri, callee_uri, location_span) VALUES ('|java+method:///com/factory/metrics/MetricsLogger/getAverageMetric(java.lang.String,java.lang.String)|', '|java+method:///java/sql/Connection/close()|', '121:10-121:15');
INSERT INTO symbol_uses (caller_uri, callee_uri, location_span) VALUES ('|java+compilationUnit:///home/me/code/j9mpl/examples/new-3.06/annotations/Author.java|', '|java+package:///java|', '1:7-1:11');
INSERT INTO symbol_uses (caller_uri, callee_uri, location_span) VALUES ('|java+compilationUnit:///home/me/code/j9mpl/examples/new-3.06/annotations/Author.java|', '|java+interface:///java/lang/annotation/Retention|', '1:7-1:37');
INSERT INTO symbol_uses (caller_uri, callee_uri, location_span) VALUES ('|java+class:///com/factory/telemetry/TelemetryRecord|', '|java+class:///java/lang/String|', '12:8-12:24');
INSERT INTO symbol_uses (caller_uri, callee_uri, location_span) VALUES ('|java+class:///com/factory/telemetry/TelemetryRecord|', '|java+package:///java|', '12:8-12:12');
INSERT INTO symbol_uses (caller_uri, callee_uri, location_span) VALUES ('|java+method:///com/factory/metrics/MetricsLogger/getAverageMetric(java.lang.String,java.lang.String)|', '|java+interface:///java/sql/PreparedStatement|', '93:11-93:28');
INSERT INTO symbol_uses (caller_uri, callee_uri, location_span) VALUES ('|java+method:///com/factory/metrics/MetricsLogger/getAverageMetric(java.lang.String,java.lang.String)|', '|java+package:///java/sql|', '93:7-93:10');
INSERT INTO symbol_uses (caller_uri, callee_uri, location_span) VALUES ('|java+class:///com/factory/telemetry/TelemetryRecord|', '|java+class:///java/lang/String|', '8:32-8:38');
INSERT INTO symbol_uses (caller_uri, callee_uri, location_span) VALUES ('|java+method:///com/factory/metrics/MetricsLogger/initDatabase(java.lang.String)|', '|java+package:///java/sql|', '29:7-29:10');
INSERT INTO symbol_uses (caller_uri, callee_uri, location_span) VALUES ('|java+method:///com/factory/metrics/MetricsLogger/initDatabase(java.lang.String)|', '|java+interface:///java/sql/Connection|', '29:11-29:21');
INSERT INTO symbol_uses (caller_uri, callee_uri, location_span) VALUES ('|java+method:///com/factory/metrics/MetricsLogger/logMetric(java.lang.String,com.factory.metrics.MetricRecord)|', '|java+class:///java/sql/SQLException|', '61:11-61:23');
INSERT INTO symbol_uses (caller_uri, callee_uri, location_span) VALUES ('|java+method:///com/factory/metrics/MetricsLogger/logMetric(java.lang.String,com.factory.metrics.MetricRecord)|', '|java+package:///java/sql|', '61:7-61:10');
INSERT INTO symbol_uses (caller_uri, callee_uri, location_span) VALUES ('|java+compilationUnit:///home/me/code/j9mpl/generated/MetricsLogger.java|', '|java+package:///netrexx/lang|', '17:16-17:20');
INSERT INTO symbol_uses (caller_uri, callee_uri, location_span) VALUES ('|java+method:///com/factory/metrics/MetricsLogger/main(java.lang.String%5B%5D)|', '|java+variable:///com/factory/metrics/MetricsLogger/main(java.lang.String%5B%5D)/rec2|', '145:2-145:6');
INSERT INTO symbol_uses (caller_uri, callee_uri, location_span) VALUES ('|java+compilationUnit:///home/me/code/j9mpl/generated/MetricsLogger.java|', '|java+package:///netrexx|', '17:8-17:15');
INSERT INTO symbol_uses (caller_uri, callee_uri, location_span) VALUES ('|java+compilationUnit:///home/me/code/j9mpl/generated/MetricsLogger.java|', '|java+class:///netrexx/lang/Rexx|', '17:8-17:25');
INSERT INTO symbol_uses (caller_uri, callee_uri, location_span) VALUES ('|java+method:///com/factory/metrics/MetricsLogger/getAverageMetric(java.lang.String,java.lang.String)|', '|java+variable:///com/factory/metrics/MetricsLogger/getAverageMetric(java.lang.String,java.lang.String)/pstmt|', '105:6-105:11');
INSERT INTO symbol_uses (caller_uri, callee_uri, location_span) VALUES ('|java+method:///com/factory/metrics/MetricsLogger/main(java.lang.String%5B%5D)|', '|java+package:///netrexx/lang|', '137:10-137:14');
INSERT INTO symbol_uses (caller_uri, callee_uri, location_span) VALUES ('|java+compilationUnit:///home/me/code/j9mpl/generated/MetricsLogger.java|', '|java+package:///java|', '9:7-9:11');
INSERT INTO symbol_uses (caller_uri, callee_uri, location_span) VALUES ('|java+compilationUnit:///home/me/code/j9mpl/generated/MetricsLogger.java|', '|java+class:///java/sql/DriverManager|', '9:7-9:29');
INSERT INTO symbol_uses (caller_uri, callee_uri, location_span) VALUES ('|java+method:///com/factory/metrics/MetricsLogger/logMetric(java.lang.String,com.factory.metrics.MetricRecord)|', '|java+method:///java/lang/Throwable/printStackTrace()|', '73:6-73:21');
INSERT INTO symbol_uses (caller_uri, callee_uri, location_span) VALUES ('|java+method:///com/factory/metrics/MetricsLogger/main(java.lang.String%5B%5D)|', '|java+package:///netrexx|', '137:2-137:9');
INSERT INTO symbol_uses (caller_uri, callee_uri, location_span) VALUES ('|java+method:///com/factory/metrics/MetricsLogger/main(java.lang.String%5B%5D)|', '|java+class:///netrexx/lang/Rexx|', '137:2-137:19');
INSERT INTO symbol_uses (caller_uri, callee_uri, location_span) VALUES ('|java+method:///com/factory/telemetry/TelemetryEngine/processData(com.sun.net.httpserver.HttpExchange,com.factory.telemetry.TelemetryRecord)|', '|java+package:///com/factory|', '24:81-24:88');
INSERT INTO symbol_uses (caller_uri, callee_uri, location_span) VALUES ('|java+method:///com/factory/telemetry/TelemetryEngine/processData(com.sun.net.httpserver.HttpExchange,com.factory.telemetry.TelemetryRecord)|', '|java+package:///com/factory/telemetry|', '24:89-24:98');
INSERT INTO symbol_uses (caller_uri, callee_uri, location_span) VALUES ('|java+compilationUnit:///home/me/code/j9mpl/generated/MetricsLogger.java|', '|java+class:///java/lang/String|', '13:22-13:38');
INSERT INTO symbol_uses (caller_uri, callee_uri, location_span) VALUES ('|java+compilationUnit:///home/me/code/j9mpl/generated/MetricsLogger.java|', '|java+package:///java|', '13:22-13:26');
INSERT INTO symbol_uses (caller_uri, callee_uri, location_span) VALUES ('|java+method:///com/factory/telemetry/TelemetryEngine/processData(com.sun.net.httpserver.HttpExchange,com.factory.telemetry.TelemetryRecord)|', '|java+package:///com|', '24:77-24:80');
INSERT INTO symbol_uses (caller_uri, callee_uri, location_span) VALUES ('|java+method:///com/factory/telemetry/TelemetryEngine/processData(com.sun.net.httpserver.HttpExchange,com.factory.telemetry.TelemetryRecord)|', '|java+class:///com/factory/telemetry/TelemetryRecord|', '24:77-24:114');
INSERT INTO symbol_uses (caller_uri, callee_uri, location_span) VALUES ('|java+method:///com/factory/metrics/MetricsLogger/initDatabase(java.lang.String)|', '|java+package:///java/sql|', '33:13-33:16');
INSERT INTO symbol_uses (caller_uri, callee_uri, location_span) VALUES ('|java+method:///com/factory/metrics/MetricsLogger/logMetric(java.lang.String,com.factory.metrics.MetricRecord)|', '|java+class:///java/sql/DriverManager|', '65:8-65:21');
INSERT INTO symbol_uses (caller_uri, callee_uri, location_span) VALUES ('|java+method:///com/factory/metrics/MetricsLogger/initDatabase(java.lang.String)|', '|java+interface:///java/sql/Statement|', '33:17-33:26');
INSERT INTO symbol_uses (caller_uri, callee_uri, location_span) VALUES ('|java+method:///com/factory/metrics/MetricsLogger/getAverageMetric(java.lang.String,java.lang.String)|', '|java+interface:///java/sql/Connection|', '97:17-97:27');
INSERT INTO symbol_uses (caller_uri, callee_uri, location_span) VALUES ('|java+method:///com/factory/metrics/MetricsLogger/getAverageMetric(java.lang.String,java.lang.String)|', '|java+package:///java/sql|', '97:13-97:16');
INSERT INTO symbol_uses (caller_uri, callee_uri, location_span) VALUES ('|java+class:///com/factory/telemetry/TelemetryEngine|', '|java+package:///java/lang|', '20:27-20:31');
INSERT INTO symbol_uses (caller_uri, callee_uri, location_span) VALUES ('|java+method:///com/factory/metrics/MetricsLogger/initDatabase(java.lang.String)|', '|java+method:///java/sql/Statement/executeUpdate(java.lang.String)|', '37:8-37:21');
INSERT INTO symbol_uses (caller_uri, callee_uri, location_span) VALUES ('|java+method:///com/factory/metrics/MetricsLogger/main(java.lang.String%5B%5D)|', '|java+package:///java/lang|', '133:30-133:34');
INSERT INTO symbol_uses (caller_uri, callee_uri, location_span) VALUES ('|java+class:///com/factory/telemetry/TelemetryRecord|', '|java+package:///java/lang|', '8:27-8:31');
INSERT INTO symbol_uses (caller_uri, callee_uri, location_span) VALUES ('|java+interface:///Author|', '|java+interface:///java/lang/annotation/Retention|', '5:1-5:10');
INSERT INTO symbol_uses (caller_uri, callee_uri, location_span) VALUES ('|java+method:///com/factory/metrics/MetricsLogger/logMetric(java.lang.String,com.factory.metrics.MetricRecord)|', '|java+package:///java|', '61:2-61:6');
INSERT INTO symbol_uses (caller_uri, callee_uri, location_span) VALUES ('|java+method:///com/factory/metrics/MetricsLogger/logMetric(java.lang.String,com.factory.metrics.MetricRecord)|', '|java+class:///java/sql/SQLException|', '61:2-61:23');
INSERT INTO symbol_uses (caller_uri, callee_uri, location_span) VALUES ('|java+compilationUnit:///home/me/code/j9mpl/generated/MetricsLogger.java|', '|java+class:///netrexx/lang/Rexx|', '17:21-17:25');
INSERT INTO symbol_uses (caller_uri, callee_uri, location_span) VALUES ('|java+method:///com/factory/metrics/MetricsLogger/main(java.lang.String%5B%5D)|', '|java+class:///com/factory/metrics/MetricRecord|', '145:31-145:43');
INSERT INTO symbol_uses (caller_uri, callee_uri, location_span) VALUES ('|java+method:///com/factory/metrics/MetricsLogger/main(java.lang.String%5B%5D)|', '|java+constructor:///com/factory/metrics/MetricRecord/MetricRecord()|', '145:7-145:45');
INSERT INTO symbol_uses (caller_uri, callee_uri, location_span) VALUES ('|java+method:///com/factory/metrics/MetricsLogger/main(java.lang.String%5B%5D)|', '|java+package:///com/factory|', '145:15-145:22');
INSERT INTO symbol_uses (caller_uri, callee_uri, location_span) VALUES ('|java+method:///com/factory/metrics/MetricsLogger/initDatabase(java.lang.String)|', '|java+class:///java/sql/SQLException|', '49:19-49:31');
INSERT INTO symbol_uses (caller_uri, callee_uri, location_span) VALUES ('|java+method:///com/factory/metrics/MetricsLogger/main(java.lang.String%5B%5D)|', '|java+package:///com/factory/metrics|', '145:23-145:30');
INSERT INTO symbol_uses (caller_uri, callee_uri, location_span) VALUES ('|java+method:///com/factory/metrics/MetricsLogger/initDatabase(java.lang.String)|', '|java+package:///java/sql|', '49:15-49:18');
INSERT INTO symbol_uses (caller_uri, callee_uri, location_span) VALUES ('|java+method:///com/factory/metrics/MetricsLogger/main(java.lang.String%5B%5D)|', '|java+package:///com|', '145:11-145:14');
INSERT INTO symbol_uses (caller_uri, callee_uri, location_span) VALUES ('|java+method:///com/factory/metrics/MetricsLogger/main(java.lang.String%5B%5D)|', '|java+class:///com/factory/metrics/MetricRecord|', '145:11-145:43');
INSERT INTO symbol_uses (caller_uri, callee_uri, location_span) VALUES ('|java+method:///com/factory/metrics/MetricsLogger/getAverageMetric(java.lang.String,java.lang.String)|', '|java+variable:///com/factory/metrics/MetricsLogger/getAverageMetric(java.lang.String,java.lang.String)/rs|', '117:5-117:7');
INSERT INTO symbol_uses (caller_uri, callee_uri, location_span) VALUES ('|java+method:///com/factory/metrics/MetricsLogger/main(java.lang.String%5B%5D)|', '|java+variable:///com/factory/metrics/MetricsLogger/main(java.lang.String%5B%5D)/dbFile|', '149:12-149:18');
INSERT INTO symbol_uses (caller_uri, callee_uri, location_span) VALUES ('|java+compilationUnit:///home/me/code/j9mpl/examples/new-3.06/annotations/Authors.java|', '|java+package:///java/lang/annotation|', '3:17-3:27');
INSERT INTO symbol_uses (caller_uri, callee_uri, location_span) VALUES ('|java+compilationUnit:///home/me/code/j9mpl/examples/new-3.06/annotations/Authors.java|', '|java+package:///java/lang|', '3:12-3:16');
INSERT INTO symbol_uses (caller_uri, callee_uri, location_span) VALUES ('|java+compilationUnit:///home/me/code/j9mpl/examples/new-3.06/annotations/Authors.java|', '|java+interface:///java/lang/annotation/Repeatable|', '3:28-3:38');
INSERT INTO symbol_uses (caller_uri, callee_uri, location_span) VALUES ('|java+compilationUnit:///home/me/code/j9mpl/examples/new-3.06/annotations/Authors.java|', '|java+interface:///java/lang/annotation/Repeatable|', '3:7-3:38');
INSERT INTO symbol_uses (caller_uri, callee_uri, location_span) VALUES ('|java+compilationUnit:///home/me/code/j9mpl/examples/new-3.06/annotations/Authors.java|', '|java+package:///java|', '3:7-3:11');
INSERT INTO symbol_uses (caller_uri, callee_uri, location_span) VALUES ('|java+method:///RCSortStabilityJ/main(java.lang.String%5B%5D)|', '|java+class:///java/lang/System|', '22:4-22:10');
INSERT INTO symbol_uses (caller_uri, callee_uri, location_span) VALUES ('|java+compilationUnit:///home/me/code/j9mpl/examples/rosettacode/RCSortStabilityJ.java|', '|java+class:///java/util/Arrays|', '2:17-2:23');
INSERT INTO symbol_uses (caller_uri, callee_uri, location_span) VALUES ('|java+initializer:///RCSortStabilityJ$initializer1|', '|java+class:///java/lang/String|', '10:19-10:25');
INSERT INTO symbol_uses (caller_uri, callee_uri, location_span) VALUES ('|java+method:///RCSortStabilityJ/main(java.lang.String%5B%5D)|', '|java+variable:///RCSortStabilityJ/main(java.lang.String%5B%5D)/cn|', '46:23-46:25');
INSERT INTO symbol_uses (caller_uri, callee_uri, location_span) VALUES ('|java+initializer:///RCSortStabilityJ$initializer1|', '|java+field:///RCSortStabilityJ/cityList|', '10:4-10:12');
INSERT INTO symbol_uses (caller_uri, callee_uri, location_span) VALUES ('|java+method:///RCSortStabilityJ/main(java.lang.String%5B%5D)|', '|java+class:///java/lang/String|', '46:9-46:15');
INSERT INTO symbol_uses (caller_uri, callee_uri, location_span) VALUES ('|java+method:///RCSortStabilityJ/main(java.lang.String%5B%5D)|', '|java+method:///java/lang/System/arraycopy(java.lang.Object,int,java.lang.Object,int,int)|', '22:11-22:20');
INSERT INTO symbol_uses (caller_uri, callee_uri, location_span) VALUES ('|java+compilationUnit:///home/me/code/j9mpl/examples/rosettacode/RCSortStabilityJ.java|', '|java+package:///java/util|', '2:12-2:16');
INSERT INTO symbol_uses (caller_uri, callee_uri, location_span) VALUES ('|java+method:///RCSortStabilityJ/main(java.lang.String%5B%5D)|', '|java+method:///java/io/PrintStream/println()|', '50:15-50:22');
INSERT INTO symbol_uses (caller_uri, callee_uri, location_span) VALUES ('|java+method:///RCSortStabilityJ/main(java.lang.String%5B%5D)|', '|java+field:///java/lang/System/out|', '50:11-50:14');
INSERT INTO symbol_uses (caller_uri, callee_uri, location_span) VALUES ('|java+method:///RCSortStabilityJ/main(java.lang.String%5B%5D)|', '|java+method:///java/io/PrintStream/println()|', '30:15-30:22');
INSERT INTO symbol_uses (caller_uri, callee_uri, location_span) VALUES ('|java+method:///RCSortStabilityJ/main(java.lang.String%5B%5D)|', '|java+field:///java/lang/System/out|', '30:11-30:14');
INSERT INTO symbol_uses (caller_uri, callee_uri, location_span) VALUES ('|java+method:///RCSortStabilityJ/main(java.lang.String%5B%5D)|', '|java+field:///java/lang/System/out|', '38:4-38:14');
INSERT INTO symbol_uses (caller_uri, callee_uri, location_span) VALUES ('|java+method:///RCSortStabilityJ/main(java.lang.String%5B%5D)|', '|java+class:///java/lang/System|', '38:4-38:10');
INSERT INTO symbol_uses (caller_uri, callee_uri, location_span) VALUES ('|java+method:///RCSortStabilityJ/main(java.lang.String%5B%5D)|', '|java+field:///RCSortStabilityJ/cityList|', '22:21-22:29');
INSERT INTO symbol_uses (caller_uri, callee_uri, location_span) VALUES ('|java+method:///RCSortStabilityJ/main(java.lang.String%5B%5D)|', '|java+field:///RCSortStabilityJ/cityList|', '22:41-22:49');
INSERT INTO symbol_uses (caller_uri, callee_uri, location_span) VALUES ('|java+method:///RCSortStabilityJ/main(java.lang.String%5B%5D)|', '|java+arrayLength:///java/lang/String%5B%5D|', '22:41-22:56');
INSERT INTO symbol_uses (caller_uri, callee_uri, location_span) VALUES ('|java+method:///RCSortStabilityJ/main(java.lang.String%5B%5D)|', '|java+field:///java/lang/System/out|', '30:4-30:14');
INSERT INTO symbol_uses (caller_uri, callee_uri, location_span) VALUES ('|java+method:///RCSortStabilityJ/main(java.lang.String%5B%5D)|', '|java+class:///java/lang/System|', '30:4-30:10');
INSERT INTO symbol_uses (caller_uri, callee_uri, location_span) VALUES ('|java+method:///RCSortStabilityJ/main(java.lang.String%5B%5D)|', '|java+method:///java/io/PrintStream/println(java.lang.String)|', '38:15-38:22');
INSERT INTO symbol_uses (caller_uri, callee_uri, location_span) VALUES ('|java+method:///RCSortStabilityJ/main(java.lang.String%5B%5D)|', '|java+field:///java/lang/System/out|', '38:11-38:14');
INSERT INTO symbol_uses (caller_uri, callee_uri, location_span) VALUES ('|java+method:///RCSortStabilityJ/main(java.lang.String%5B%5D)|', '|java+variable:///java/lang/String%5B%5Dlength|', '22:50-22:56');
INSERT INTO symbol_uses (caller_uri, callee_uri, location_span) VALUES ('|java+method:///RCSortStabilityJ/main(java.lang.String%5B%5D)|', '|java+variable:///RCSortStabilityJ/main(java.lang.String%5B%5D)/cn|', '22:34-22:36');
INSERT INTO symbol_uses (caller_uri, callee_uri, location_span) VALUES ('|java+method:///RCSortStabilityJ/CountryComparator/compare(java.lang.String,java.lang.String)|', '|java+class:///java/lang/String|', '62:23-62:29');
INSERT INTO symbol_uses (caller_uri, callee_uri, location_span) VALUES ('|java+method:///RCSortStabilityJ/CountryComparator/compare(java.lang.String,java.lang.String)|', '|java+class:///java/lang/String|', '62:35-62:41');
INSERT INTO symbol_uses (caller_uri, callee_uri, location_span) VALUES ('|java+compilationUnit:///home/me/code/j9mpl/examples/rosettacode/RCSortStabilityJ.java|', '|java+class:///java/util/Arrays|', '2:7-2:23');
INSERT INTO symbol_uses (caller_uri, callee_uri, location_span) VALUES ('|java+compilationUnit:///home/me/code/j9mpl/examples/rosettacode/RCSortStabilityJ.java|', '|java+package:///java|', '2:7-2:11');
INSERT INTO symbol_uses (caller_uri, callee_uri, location_span) VALUES ('|java+method:///RCSortStabilityJ/main(java.lang.String%5B%5D)|', '|java+field:///java/lang/System/out|', '50:4-50:14');
INSERT INTO symbol_uses (caller_uri, callee_uri, location_span) VALUES ('|java+method:///RCSortStabilityJ/main(java.lang.String%5B%5D)|', '|java+class:///java/lang/System|', '50:4-50:10');
INSERT INTO symbol_uses (caller_uri, callee_uri, location_span) VALUES ('|java+method:///com/factory/metrics/MetricsLogger/initDatabase(java.lang.String)|', '|java+variable:///com/factory/metrics/MetricsLogger/initDatabase(java.lang.String)/conn|', '32:2-32:6');
INSERT INTO symbol_uses (caller_uri, callee_uri, location_span) VALUES ('|java+class:///com/factory/metrics/MetricsLogger|', '|java+class:///java/lang/String|', '24:32-24:38');
INSERT INTO symbol_uses (caller_uri, callee_uri, location_span) VALUES ('|java+method:///com/factory/metrics/MetricsLogger/main(java.lang.String%5B%5D)|', '|java+method:///com/factory/metrics/MetricsLogger/logMetric(java.lang.String,com.factory.metrics.MetricRecord)|', '144:2-144:11');
INSERT INTO symbol_uses (caller_uri, callee_uri, location_span) VALUES ('|java+method:///com/factory/metrics/MetricsLogger/getAverageMetric(java.lang.String,java.lang.String)|', '|java+variable:///com/factory/metrics/MetricsLogger/getAverageMetric(java.lang.String,java.lang.String)/conn|', '120:8-120:12');
INSERT INTO symbol_uses (caller_uri, callee_uri, location_span) VALUES ('|java+method:///com/factory/metrics/MetricsLogger/main(java.lang.String%5B%5D)|', '|java+class:///netrexx/lang/Rexx|', '148:36-148:40');
INSERT INTO symbol_uses (caller_uri, callee_uri, location_span) VALUES ('|java+method:///com/factory/metrics/MetricsLogger/getAverageMetric(java.lang.String,java.lang.String)|', '|java+variable:///com/factory/metrics/MetricsLogger/getAverageMetric(java.lang.String,java.lang.String)/rs|', '116:8-116:10');
INSERT INTO symbol_uses (caller_uri, callee_uri, location_span) VALUES ('|java+method:///com/factory/metrics/MetricsLogger/getAverageMetric(java.lang.String,java.lang.String)|', '|java+method:///java/sql/PreparedStatement/setString(int,java.lang.String)|', '104:9-104:18');
INSERT INTO symbol_uses (caller_uri, callee_uri, location_span) VALUES ('|java+method:///com/factory/metrics/MetricsLogger/getAverageMetric(java.lang.String,java.lang.String)|', '|java+parameter:///com/factory/metrics/MetricsLogger/getAverageMetric(java.lang.String,java.lang.String)/scope(name)/scope(0)/name|', '104:21-104:25');
INSERT INTO symbol_uses (caller_uri, callee_uri, location_span) VALUES ('|java+method:///com/factory/metrics/MetricsLogger/logMetric(java.lang.String,com.factory.metrics.MetricRecord)|', '|java+package:///java|', '72:9-72:13');
INSERT INTO symbol_uses (caller_uri, callee_uri, location_span) VALUES ('|java+method:///com/factory/metrics/MetricsLogger/logMetric(java.lang.String,com.factory.metrics.MetricRecord)|', '|java+class:///java/sql/SQLException|', '72:9-72:30');
INSERT INTO symbol_uses (caller_uri, callee_uri, location_span) VALUES ('|java+method:///com/factory/metrics/MetricsLogger/getAverageMetric(java.lang.String,java.lang.String)|', '|java+constructor:///netrexx/lang/Rexx/Rexx(double)|', '108:12-108:50');
INSERT INTO symbol_uses (caller_uri, callee_uri, location_span) VALUES ('|java+method:///com/factory/metrics/MetricsLogger/getAverageMetric(java.lang.String,java.lang.String)|', '|java+package:///netrexx/lang|', '108:24-108:28');
INSERT INTO symbol_uses (caller_uri, callee_uri, location_span) VALUES ('|java+method:///com/factory/metrics/MetricsLogger/getAverageMetric(java.lang.String,java.lang.String)|', '|java+class:///netrexx/lang/Rexx|', '108:16-108:33');
INSERT INTO symbol_uses (caller_uri, callee_uri, location_span) VALUES ('|java+method:///com/factory/metrics/MetricsLogger/getAverageMetric(java.lang.String,java.lang.String)|', '|java+package:///netrexx|', '108:16-108:23');
INSERT INTO symbol_uses (caller_uri, callee_uri, location_span) VALUES ('|java+method:///com/factory/metrics/MetricsLogger/logMetric(java.lang.String,com.factory.metrics.MetricRecord)|', '|java+variable:///com/factory/metrics/MetricsLogger/logMetric(java.lang.String,com.factory.metrics.MetricRecord)/pstmt|', '68:3-68:8');
INSERT INTO symbol_uses (caller_uri, callee_uri, location_span) VALUES ('|java+method:///com/factory/metrics/MetricsLogger/initDatabase(java.lang.String)|', '|java+variable:///com/factory/metrics/MetricsLogger/initDatabase(java.lang.String)/stmt|', '36:3-36:7');
INSERT INTO symbol_uses (caller_uri, callee_uri, location_span) VALUES ('|java+method:///com/factory/metrics/MetricsLogger/getAverageMetric(java.lang.String,java.lang.String)|', '|java+constructor:///netrexx/lang/Rexx/Rexx(int)|', '100:9-100:33');
INSERT INTO symbol_uses (caller_uri, callee_uri, location_span) VALUES ('|java+method:///com/factory/metrics/MetricsLogger/getAverageMetric(java.lang.String,java.lang.String)|', '|java+package:///netrexx/lang|', '100:21-100:25');
INSERT INTO symbol_uses (caller_uri, callee_uri, location_span) VALUES ('|java+compilationUnit:///home/me/code/j9mpl/generated/MetricsLogger.java|', '|java+package:///java|', '4:7-4:11');
INSERT INTO symbol_uses (caller_uri, callee_uri, location_span) VALUES ('|java+compilationUnit:///home/me/code/j9mpl/generated/MetricsLogger.java|', '|java+interface:///java/sql/Connection|', '4:7-4:26');
INSERT INTO symbol_uses (caller_uri, callee_uri, location_span) VALUES ('|java+method:///com/factory/metrics/MetricsLogger/getAverageMetric(java.lang.String,java.lang.String)|', '|java+package:///netrexx|', '100:13-100:20');
INSERT INTO symbol_uses (caller_uri, callee_uri, location_span) VALUES ('|java+method:///com/factory/metrics/MetricsLogger/getAverageMetric(java.lang.String,java.lang.String)|', '|java+class:///netrexx/lang/Rexx|', '100:13-100:30');
INSERT INTO symbol_uses (caller_uri, callee_uri, location_span) VALUES ('|java+method:///com/factory/metrics/MetricsLogger/main(java.lang.String%5B%5D)|', '|java+field:///com/factory/metrics/MetricRecord/metricValue|', '148:2-148:18');
INSERT INTO symbol_uses (caller_uri, callee_uri, location_span) VALUES ('|java+method:///com/factory/metrics/MetricsLogger/main(java.lang.String%5B%5D)|', '|java+variable:///com/factory/metrics/MetricsLogger/main(java.lang.String%5B%5D)/rec2|', '148:2-148:6');
INSERT INTO symbol_uses (caller_uri, callee_uri, location_span) VALUES ('|java+method:///com/factory/metrics/MetricsLogger/logMetric(java.lang.String,com.factory.metrics.MetricRecord)|', '|java+variable:///com/factory/metrics/MetricsLogger/logMetric(java.lang.String,com.factory.metrics.MetricRecord)/scope(0)/scope(1)/$3|', '72:38-72:40');
INSERT INTO symbol_uses (caller_uri, callee_uri, location_span) VALUES ('|java+method:///com/factory/metrics/MetricsLogger/logMetric(java.lang.String,com.factory.metrics.MetricRecord)|', '|java+package:///java/sql|', '72:14-72:17');
INSERT INTO symbol_uses (caller_uri, callee_uri, location_span) VALUES ('|java+method:///com/factory/metrics/MetricsLogger/logMetric(java.lang.String,com.factory.metrics.MetricRecord)|', '|java+class:///java/sql/SQLException|', '72:18-72:30');
INSERT INTO symbol_uses (caller_uri, callee_uri, location_span) VALUES ('|java+method:///com/factory/metrics/MetricsLogger/initDatabase(java.lang.String)|', '|java+variable:///com/factory/metrics/MetricsLogger/initDatabase(java.lang.String)/ex|', '40:3-40:5');
INSERT INTO symbol_uses (caller_uri, callee_uri, location_span) VALUES ('|java+compilationUnit:///home/me/code/j9mpl/generated/MetricsLogger.java|', '|java+package:///java|', '8:7-8:11');
INSERT INTO symbol_uses (caller_uri, callee_uri, location_span) VALUES ('|java+compilationUnit:///home/me/code/j9mpl/generated/MetricsLogger.java|', '|java+class:///java/sql/SQLException|', '8:7-8:28');
INSERT INTO symbol_uses (caller_uri, callee_uri, location_span) VALUES ('|java+method:///com/factory/metrics/MetricsLogger/main(java.lang.String%5B%5D)|', '|java+variable:///com/factory/metrics/MetricsLogger/main(java.lang.String%5B%5D)/rec1|', '140:2-140:6');
INSERT INTO symbol_uses (caller_uri, callee_uri, location_span) VALUES ('|java+method:///com/factory/telemetry/TelemetryEngine/processData(com.sun.net.httpserver.HttpExchange,com.factory.telemetry.TelemetryRecord)|', '|java+field:///com/factory/telemetry/TelemetryRecord/voltage|', '25:10-25:17');
INSERT INTO symbol_uses (caller_uri, callee_uri, location_span) VALUES ('|java+method:///com/factory/telemetry/TelemetryEngine/processData(com.sun.net.httpserver.HttpExchange,com.factory.telemetry.TelemetryRecord)|', '|java+method:///netrexx/lang/Rexx/OpLt(netrexx.lang.RexxSet,netrexx.lang.Rexx)|', '25:18-25:22');
INSERT INTO symbol_uses (caller_uri, callee_uri, location_span) VALUES ('|java+method:///com/factory/telemetry/TelemetryEngine/processData(com.sun.net.httpserver.HttpExchange,com.factory.telemetry.TelemetryRecord)|', '|java+field:///com/factory/telemetry/TelemetryRecord/voltage|', '25:6-25:17');
INSERT INTO symbol_uses (caller_uri, callee_uri, location_span) VALUES ('|java+method:///com/factory/telemetry/TelemetryEngine/processData(com.sun.net.httpserver.HttpExchange,com.factory.telemetry.TelemetryRecord)|', '|java+parameter:///com/factory/telemetry/TelemetryEngine/processData(com.sun.net.httpserver.HttpExchange,com.factory.telemetry.TelemetryRecord)/scope(rec)/scope(0)/rec|', '25:6-25:9');
INSERT INTO symbol_uses (caller_uri, callee_uri, location_span) VALUES ('|java+method:///com/factory/metrics/MetricsLogger/initDatabase(java.lang.String)|', '|java+package:///java/sql|', '32:13-32:16');
INSERT INTO symbol_uses (caller_uri, callee_uri, location_span) VALUES ('|java+method:///com/factory/metrics/MetricsLogger/initDatabase(java.lang.String)|', '|java+interface:///java/sql/Connection|', '32:17-32:27');
INSERT INTO symbol_uses (caller_uri, callee_uri, location_span) VALUES ('|java+compilationUnit:///home/me/code/j9mpl/generated/MetricsLogger.java|', '|java+interface:///java/sql/Connection|', '4:16-4:26');
INSERT INTO symbol_uses (caller_uri, callee_uri, location_span) VALUES ('|java+compilationUnit:///home/me/code/j9mpl/generated/MetricsLogger.java|', '|java+package:///java/sql|', '4:12-4:15');
INSERT INTO symbol_uses (caller_uri, callee_uri, location_span) VALUES ('|java+method:///com/factory/metrics/MetricsLogger/getAverageMetric(java.lang.String,java.lang.String)|', '|java+interface:///java/sql/Connection|', '92:2-92:21');
INSERT INTO symbol_uses (caller_uri, callee_uri, location_span) VALUES ('|java+method:///com/factory/metrics/MetricsLogger/getAverageMetric(java.lang.String,java.lang.String)|', '|java+package:///java|', '92:2-92:6');
INSERT INTO symbol_uses (caller_uri, callee_uri, location_span) VALUES ('|java+method:///com/factory/metrics/MetricsLogger/initDatabase(java.lang.String)|', '|java+class:///java/lang/String|', '28:33-28:49');
INSERT INTO symbol_uses (caller_uri, callee_uri, location_span) VALUES ('|java+method:///com/factory/metrics/MetricsLogger/initDatabase(java.lang.String)|', '|java+package:///java|', '28:33-28:37');
INSERT INTO symbol_uses (caller_uri, callee_uri, location_span) VALUES ('|java+method:///com/factory/metrics/MetricsLogger/getAverageMetric(java.lang.String,java.lang.String)|', '|java+variable:///com/factory/metrics/MetricsLogger/getAverageMetric(java.lang.String,java.lang.String)/ex|', '112:3-112:5');
INSERT INTO symbol_uses (caller_uri, callee_uri, location_span) VALUES ('|java+method:///com/factory/metrics/MetricsLogger/main(java.lang.String%5B%5D)|', '|java+variable:///com/factory/metrics/MetricsLogger/main(java.lang.String%5B%5D)/rec1|', '144:19-144:23');
INSERT INTO symbol_uses (caller_uri, callee_uri, location_span) VALUES ('|java+compilationUnit:///home/me/code/j9mpl/generated/MetricsLogger.java|', '|java+class:///java/lang/String|', '16:8-16:24');
INSERT INTO symbol_uses (caller_uri, callee_uri, location_span) VALUES ('|java+compilationUnit:///home/me/code/j9mpl/generated/MetricsLogger.java|', '|java+package:///java|', '16:8-16:12');
INSERT INTO symbol_uses (caller_uri, callee_uri, location_span) VALUES ('|java+method:///com/factory/metrics/MetricsLogger/main(java.lang.String%5B%5D)|', '|java+field:///com/factory/metrics/MetricRecord/metricValue|', '148:7-148:18');
INSERT INTO symbol_uses (caller_uri, callee_uri, location_span) VALUES ('|java+method:///com/factory/metrics/MetricsLogger/main(java.lang.String%5B%5D)|', '|java+package:///netrexx/lang|', '148:31-148:35');
INSERT INTO symbol_uses (caller_uri, callee_uri, location_span) VALUES ('|java+method:///com/factory/metrics/MetricsLogger/main(java.lang.String%5B%5D)|', '|java+constructor:///netrexx/lang/Rexx/Rexx(float)|', '148:19-148:47');
INSERT INTO symbol_uses (caller_uri, callee_uri, location_span) VALUES ('|java+method:///com/factory/metrics/MetricsLogger/main(java.lang.String%5B%5D)|', '|java+class:///netrexx/lang/Rexx|', '148:23-148:40');
INSERT INTO symbol_uses (caller_uri, callee_uri, location_span) VALUES ('|java+method:///com/factory/metrics/MetricsLogger/main(java.lang.String%5B%5D)|', '|java+package:///netrexx|', '148:23-148:30');
INSERT INTO symbol_uses (caller_uri, callee_uri, location_span) VALUES ('|java+method:///com/factory/metrics/MetricsLogger/main(java.lang.String%5B%5D)|', '|java+package:///com/factory/metrics|', '136:14-136:21');
INSERT INTO symbol_uses (caller_uri, callee_uri, location_span) VALUES ('|java+method:///com/factory/metrics/MetricsLogger/main(java.lang.String%5B%5D)|', '|java+class:///com/factory/metrics/MetricRecord|', '136:22-136:34');
INSERT INTO symbol_uses (caller_uri, callee_uri, location_span) VALUES ('|java+method:///com/factory/metrics/MetricsLogger/main(java.lang.String%5B%5D)|', '|java+package:///com/factory|', '136:6-136:13');
INSERT INTO symbol_uses (caller_uri, callee_uri, location_span) VALUES ('|java+compilationUnit:///home/me/code/j9mpl/generated/MetricsLogger.java|', '|java+class:///java/sql/SQLException|', '8:16-8:28');
INSERT INTO symbol_uses (caller_uri, callee_uri, location_span) VALUES ('|java+method:///com/factory/metrics/MetricsLogger/logMetric(java.lang.String,com.factory.metrics.MetricRecord)|', '|java+variable:///com/factory/metrics/MetricsLogger/logMetric(java.lang.String,com.factory.metrics.MetricRecord)/ex|', '72:35-72:37');
INSERT INTO symbol_uses (caller_uri, callee_uri, location_span) VALUES ('|java+compilationUnit:///home/me/code/j9mpl/generated/MetricsLogger.java|', '|java+package:///java/sql|', '8:12-8:15');
INSERT INTO symbol_uses (caller_uri, callee_uri, location_span) VALUES ('|java+method:///com/factory/metrics/MetricsLogger/getAverageMetric(java.lang.String,java.lang.String)|', '|java+variable:///com/factory/metrics/MetricsLogger/getAverageMetric(java.lang.String,java.lang.String)/pstmt|', '104:3-104:8');
INSERT INTO symbol_uses (caller_uri, callee_uri, location_span) VALUES ('|java+method:///com/factory/metrics/MetricsLogger/initDatabase(java.lang.String)|', '|java+method:///java/lang/Throwable/printStackTrace()|', '40:6-40:21');
INSERT INTO symbol_uses (caller_uri, callee_uri, location_span) VALUES ('|java+method:///com/factory/metrics/MetricsLogger/main(java.lang.String%5B%5D)|', '|java+package:///com|', '136:2-136:5');
INSERT INTO symbol_uses (caller_uri, callee_uri, location_span) VALUES ('|java+method:///com/factory/metrics/MetricsLogger/main(java.lang.String%5B%5D)|', '|java+class:///com/factory/metrics/MetricRecord|', '136:2-136:34');
INSERT INTO symbol_uses (caller_uri, callee_uri, location_span) VALUES ('|java+method:///com/factory/metrics/MetricsLogger/main(java.lang.String%5B%5D)|', '|java+package:///com/factory/metrics|', '140:23-140:30');
INSERT INTO symbol_uses (caller_uri, callee_uri, location_span) VALUES ('|java+method:///com/factory/metrics/MetricsLogger/main(java.lang.String%5B%5D)|', '|java+class:///com/factory/metrics/MetricRecord|', '140:31-140:43');
INSERT INTO symbol_uses (caller_uri, callee_uri, location_span) VALUES ('|java+method:///com/factory/metrics/MetricsLogger/main(java.lang.String%5B%5D)|', '|java+constructor:///com/factory/metrics/MetricRecord/MetricRecord()|', '140:7-140:45');
INSERT INTO symbol_uses (caller_uri, callee_uri, location_span) VALUES ('|java+method:///com/factory/metrics/MetricsLogger/main(java.lang.String%5B%5D)|', '|java+package:///com/factory|', '140:15-140:22');
INSERT INTO symbol_uses (caller_uri, callee_uri, location_span) VALUES ('|java+method:///com/factory/metrics/MetricsLogger/getAverageMetric(java.lang.String,java.lang.String)|', '|java+variable:///com/factory/metrics/MetricsLogger/getAverageMetric(java.lang.String,java.lang.String)/rs|', '108:34-108:36');
INSERT INTO symbol_uses (caller_uri, callee_uri, location_span) VALUES ('|java+method:///com/factory/metrics/MetricsLogger/main(java.lang.String%5B%5D)|', '|java+package:///com|', '140:11-140:14');
INSERT INTO symbol_uses (caller_uri, callee_uri, location_span) VALUES ('|java+method:///com/factory/metrics/MetricsLogger/main(java.lang.String%5B%5D)|', '|java+class:///com/factory/metrics/MetricRecord|', '140:11-140:43');
INSERT INTO symbol_uses (caller_uri, callee_uri, location_span) VALUES ('|java+method:///com/factory/metrics/MetricsLogger/getAverageMetric(java.lang.String,java.lang.String)|', '|java+class:///java/sql/SQLException|', '96:11-96:23');
INSERT INTO symbol_uses (caller_uri, callee_uri, location_span) VALUES ('|java+method:///com/factory/metrics/MetricsLogger/getAverageMetric(java.lang.String,java.lang.String)|', '|java+package:///java/sql|', '96:7-96:10');
INSERT INTO symbol_uses (caller_uri, callee_uri, location_span) VALUES ('|java+method:///com/factory/metrics/MetricsLogger/initDatabase(java.lang.String)|', '|java+interface:///java/sql/Connection|', '32:8-32:27');
INSERT INTO symbol_uses (caller_uri, callee_uri, location_span) VALUES ('|java+method:///com/factory/metrics/MetricsLogger/initDatabase(java.lang.String)|', '|java+package:///java|', '32:8-32:12');
INSERT INTO symbol_uses (caller_uri, callee_uri, location_span) VALUES ('|java+method:///com/factory/metrics/MetricsLogger/logMetric(java.lang.String,com.factory.metrics.MetricRecord)|', '|java+field:///com/factory/metrics/MetricRecord/metricName|', '68:25-68:35');
INSERT INTO symbol_uses (caller_uri, callee_uri, location_span) VALUES ('|java+method:///com/factory/metrics/MetricsLogger/logMetric(java.lang.String,com.factory.metrics.MetricRecord)|', '|java+method:///java/sql/PreparedStatement/setString(int,java.lang.String)|', '68:9-68:18');
INSERT INTO symbol_uses (caller_uri, callee_uri, location_span) VALUES ('|java+method:///com/factory/metrics/MetricsLogger/initDatabase(java.lang.String)|', '|java+method:///java/sql/Connection/createStatement()|', '36:13-36:28');
INSERT INTO symbol_uses (caller_uri, callee_uri, location_span) VALUES ('|java+method:///com/factory/metrics/MetricsLogger/logMetric(java.lang.String,com.factory.metrics.MetricRecord)|', '|java+field:///com/factory/metrics/MetricRecord/metricName|', '68:21-68:35');
INSERT INTO symbol_uses (caller_uri, callee_uri, location_span) VALUES ('|java+method:///com/factory/metrics/MetricsLogger/logMetric(java.lang.String,com.factory.metrics.MetricRecord)|', '|java+parameter:///com/factory/metrics/MetricsLogger/logMetric(java.lang.String,com.factory.metrics.MetricRecord)/scope(rec)/scope(0)/rec|', '68:21-68:24');
INSERT INTO symbol_uses (caller_uri, callee_uri, location_span) VALUES ('|java+class:///com/factory/metrics/MetricsLogger|', '|java+package:///java|', '24:22-24:26');
INSERT INTO symbol_uses (caller_uri, callee_uri, location_span) VALUES ('|java+class:///com/factory/metrics/MetricsLogger|', '|java+class:///java/lang/String|', '24:22-24:38');
INSERT INTO symbol_uses (caller_uri, callee_uri, location_span) VALUES ('|java+method:///com/factory/metrics/MetricsLogger/getAverageMetric(java.lang.String,java.lang.String)|', '|java+package:///java/sql|', '92:7-92:10');
INSERT INTO symbol_uses (caller_uri, callee_uri, location_span) VALUES ('|java+method:///com/factory/metrics/MetricsLogger/initDatabase(java.lang.String)|', '|java+package:///java/lang|', '28:38-28:42');
INSERT INTO symbol_uses (caller_uri, callee_uri, location_span) VALUES ('|java+method:///com/factory/metrics/MetricsLogger/getAverageMetric(java.lang.String,java.lang.String)|', '|java+interface:///java/sql/Connection|', '92:11-92:21');
INSERT INTO symbol_uses (caller_uri, callee_uri, location_span) VALUES ('|java+method:///com/factory/metrics/MetricsLogger/logMetric(java.lang.String,com.factory.metrics.MetricRecord)|', '|java+package:///java/sql|', '60:7-60:10');
INSERT INTO symbol_uses (caller_uri, callee_uri, location_span) VALUES ('|java+method:///com/factory/metrics/MetricsLogger/logMetric(java.lang.String,com.factory.metrics.MetricRecord)|', '|java+interface:///java/sql/PreparedStatement|', '60:11-60:28');
INSERT INTO symbol_uses (caller_uri, callee_uri, location_span) VALUES ('|java+compilationUnit:///home/me/code/j9mpl/generated/MetricsLogger.java|', '|java+package:///java/lang|', '16:13-16:17');
INSERT INTO symbol_uses (caller_uri, callee_uri, location_span) VALUES ('|java+method:///com/factory/metrics/MetricsLogger/logMetric(java.lang.String,com.factory.metrics.MetricRecord)|', '|java+variable:///com/factory/metrics/MetricsLogger/logMetric(java.lang.String,com.factory.metrics.MetricRecord)/conn|', '80:5-80:9');
INSERT INTO symbol_uses (caller_uri, callee_uri, location_span) VALUES ('|java+method:///com/factory/metrics/MetricsLogger/getAverageMetric(java.lang.String,java.lang.String)|', '|java+method:///java/lang/Throwable/printStackTrace()|', '112:6-112:21');
INSERT INTO symbol_uses (caller_uri, callee_uri, location_span) VALUES ('|java+method:///com/factory/metrics/MetricsLogger/main(java.lang.String%5B%5D)|', '|java+variable:///com/factory/metrics/MetricsLogger/main(java.lang.String%5B%5D)/dbFile|', '144:12-144:18');
INSERT INTO symbol_uses (caller_uri, callee_uri, location_span) VALUES ('|java+method:///com/factory/metrics/MetricsLogger/getAverageMetric(java.lang.String,java.lang.String)|', '|java+class:///netrexx/lang/Rexx|', '108:29-108:33');
INSERT INTO symbol_uses (caller_uri, callee_uri, location_span) VALUES ('|java+method:///com/factory/metrics/MetricsLogger/getAverageMetric(java.lang.String,java.lang.String)|', '|java+method:///java/sql/ResultSet/getDouble(int)|', '108:37-108:46');
INSERT INTO symbol_uses (caller_uri, callee_uri, location_span) VALUES ('|java+method:///com/factory/telemetry/TelemetryEngine/processData(com.sun.net.httpserver.HttpExchange,com.factory.telemetry.TelemetryRecord)|', '|java+field:///com/factory/telemetry/TelemetryEngine/$01|', '25:28-25:31');
INSERT INTO symbol_uses (caller_uri, callee_uri, location_span) VALUES ('|java+method:///com/factory/metrics/MetricsLogger/initDatabase(java.lang.String)|', '|java+variable:///com/factory/metrics/MetricsLogger/initDatabase(java.lang.String)/stmt|', '44:8-44:12');
INSERT INTO symbol_uses (caller_uri, callee_uri, location_span) VALUES ('|java+method:///com/factory/metrics/MetricsLogger/getAverageMetric(java.lang.String,java.lang.String)|', '|java+variable:///com/factory/metrics/MetricsLogger/getAverageMetric(java.lang.String,java.lang.String)/avgVal|', '108:5-108:11');
INSERT INTO symbol_uses (caller_uri, callee_uri, location_span) VALUES ('|java+method:///com/factory/metrics/MetricsLogger/getAverageMetric(java.lang.String,java.lang.String)|', '|java+class:///java/sql/SQLException|', '96:2-96:23');
INSERT INTO symbol_uses (caller_uri, callee_uri, location_span) VALUES ('|java+method:///com/factory/metrics/MetricsLogger/getAverageMetric(java.lang.String,java.lang.String)|', '|java+package:///java|', '96:2-96:6');
INSERT INTO symbol_uses (caller_uri, callee_uri, location_span) VALUES ('|java+method:///com/factory/metrics/MetricsLogger/getAverageMetric(java.lang.String,java.lang.String)|', '|java+class:///netrexx/lang/Rexx|', '100:26-100:30');
INSERT INTO symbol_uses (caller_uri, callee_uri, location_span) VALUES ('|java+method:///com/factory/metrics/MetricsLogger/getAverageMetric(java.lang.String,java.lang.String)|', '|java+variable:///com/factory/metrics/MetricsLogger/getAverageMetric(java.lang.String,java.lang.String)/avgVal|', '100:2-100:8');
INSERT INTO symbol_uses (caller_uri, callee_uri, location_span) VALUES ('|java+method:///com/factory/metrics/MetricsLogger/initDatabase(java.lang.String)|', '|java+variable:///com/factory/metrics/MetricsLogger/initDatabase(java.lang.String)/conn|', '36:8-36:12');
INSERT INTO symbol_uses (caller_uri, callee_uri, location_span) VALUES ('|java+method:///com/factory/metrics/MetricsLogger/logMetric(java.lang.String,com.factory.metrics.MetricRecord)|', '|java+interface:///java/lang/SuppressWarnings|', '56:2-56:18');
INSERT INTO symbol_uses (caller_uri, callee_uri, location_span) VALUES ('|java+class:///com/factory/metrics/MetricsLogger|', '|java+package:///java/lang|', '24:27-24:31');
INSERT INTO symbol_uses (caller_uri, callee_uri, location_span) VALUES ('|java+method:///com/factory/metrics/MetricsLogger/initDatabase(java.lang.String)|', '|java+class:///java/lang/String|', '28:43-28:49');
INSERT INTO symbol_uses (caller_uri, callee_uri, location_span) VALUES ('|java+method:///com/factory/metrics/MetricsLogger/logMetric(java.lang.String,com.factory.metrics.MetricRecord)|', '|java+package:///java|', '60:2-60:6');
INSERT INTO symbol_uses (caller_uri, callee_uri, location_span) VALUES ('|java+method:///com/factory/metrics/MetricsLogger/logMetric(java.lang.String,com.factory.metrics.MetricRecord)|', '|java+interface:///java/sql/PreparedStatement|', '60:2-60:28');
INSERT INTO symbol_uses (caller_uri, callee_uri, location_span) VALUES ('|java+method:///com/factory/metrics/MetricsLogger/logMetric(java.lang.String,com.factory.metrics.MetricRecord)|', '|java+method:///java/sql/Connection/close()|', '80:10-80:15');
INSERT INTO symbol_uses (caller_uri, callee_uri, location_span) VALUES ('|java+compilationUnit:///home/me/code/j9mpl/generated/MetricsLogger.java|', '|java+class:///java/lang/String|', '16:18-16:24');
INSERT INTO symbol_uses (caller_uri, callee_uri, location_span) VALUES ('|java+compilationUnit:///home/me/code/j9mpl/examples/new-3.06/annotations/Authors.java|', '|java+package:///java/lang/annotation|', '2:17-2:27');
INSERT INTO symbol_uses (caller_uri, callee_uri, location_span) VALUES ('|java+compilationUnit:///home/me/code/j9mpl/examples/new-3.06/annotations/Authors.java|', '|java+enum:///java/lang/annotation/RetentionPolicy|', '2:28-2:43');
INSERT INTO symbol_uses (caller_uri, callee_uri, location_span) VALUES ('|java+compilationUnit:///home/me/code/j9mpl/examples/new-3.06/annotations/Authors.java|', '|java+package:///java/lang|', '2:12-2:16');
INSERT INTO symbol_uses (caller_uri, callee_uri, location_span) VALUES ('|java+compilationUnit:///home/me/code/j9mpl/examples/new-3.06/annotations/Authors.java|', '|java+enum:///java/lang/annotation/RetentionPolicy|', '2:7-2:43');
INSERT INTO symbol_uses (caller_uri, callee_uri, location_span) VALUES ('|java+compilationUnit:///home/me/code/j9mpl/examples/new-3.06/annotations/Authors.java|', '|java+package:///java|', '2:7-2:11');
INSERT INTO symbol_uses (caller_uri, callee_uri, location_span) VALUES ('|java+method:///RCSortStabilityJ/main(java.lang.String%5B%5D)|', '|java+class:///java/lang/String|', '19:4-19:10');
INSERT INTO symbol_uses (caller_uri, callee_uri, location_span) VALUES ('|java+compilationUnit:///home/me/code/j9mpl/examples/rosettacode/RCSortStabilityJ.java|', '|java+package:///java/util|', '3:12-3:16');
INSERT INTO symbol_uses (caller_uri, callee_uri, location_span) VALUES ('|java+compilationUnit:///home/me/code/j9mpl/examples/rosettacode/RCSortStabilityJ.java|', '|java+interface:///java/util/Comparator|', '3:17-3:27');
INSERT INTO symbol_uses (caller_uri, callee_uri, location_span) VALUES ('|java+method:///RCSortStabilityJ/main(java.lang.String%5B%5D)|', '|java+class:///java/lang/String|', '39:9-39:15');
INSERT INTO symbol_uses (caller_uri, callee_uri, location_span) VALUES ('|java+compilationUnit:///home/me/code/j9mpl/examples/rosettacode/RCSortStabilityJ.java|', '|java+class:///java/lang/String|', '7:23-7:29');
INSERT INTO symbol_uses (caller_uri, callee_uri, location_span) VALUES ('|java+method:///RCSortStabilityJ/main(java.lang.String%5B%5D)|', '|java+variable:///RCSortStabilityJ/main(java.lang.String%5B%5D)/cn|', '39:23-39:25');
INSERT INTO symbol_uses (caller_uri, callee_uri, location_span) VALUES ('|java+method:///RCSortStabilityJ/main(java.lang.String%5B%5D)|', '|java+method:///java/util/Arrays/sort(T%5B%5D,java.util.Comparator)|', '43:11-43:15');
INSERT INTO symbol_uses (caller_uri, callee_uri, location_span) VALUES ('|java+method:///RCSortStabilityJ/main(java.lang.String%5B%5D)|', '|java+field:///java/lang/System/out|', '47:6-47:16');
INSERT INTO symbol_uses (caller_uri, callee_uri, location_span) VALUES ('|java+method:///RCSortStabilityJ/main(java.lang.String%5B%5D)|', '|java+class:///java/lang/System|', '47:6-47:12');
INSERT INTO symbol_uses (caller_uri, callee_uri, location_span) VALUES ('|java+method:///RCSortStabilityJ/CountryComparator/compare(java.lang.String,java.lang.String)|', '|java+method:///java/lang/String/substring(int,int)|', '63:47-63:56');
INSERT INTO symbol_uses (caller_uri, callee_uri, location_span) VALUES ('|java+method:///RCSortStabilityJ/CountryComparator/compare(java.lang.String,java.lang.String)|', '|java+parameter:///RCSortStabilityJ/CountryComparator/compare(java.lang.String,java.lang.String)/scope(rgt)/scope(0)/rgt|', '63:43-63:46');
INSERT INTO symbol_uses (caller_uri, callee_uri, location_span) VALUES ('|java+method:///RCSortStabilityJ/main(java.lang.String%5B%5D)|', '|java+variable:///RCSortStabilityJ/main(java.lang.String%5B%5D)/scope(3)/city|', '47:25-47:29');
INSERT INTO symbol_uses (caller_uri, callee_uri, location_span) VALUES ('|java+method:///RCSortStabilityJ/main(java.lang.String%5B%5D)|', '|java+method:///java/io/PrintStream/println(java.lang.String)|', '47:17-47:24');
INSERT INTO symbol_uses (caller_uri, callee_uri, location_span) VALUES ('|java+method:///RCSortStabilityJ/main(java.lang.String%5B%5D)|', '|java+field:///java/lang/System/out|', '47:13-47:16');
INSERT INTO symbol_uses (caller_uri, callee_uri, location_span) VALUES ('|java+method:///RCSortStabilityJ/main(java.lang.String%5B%5D)|', '|java+method:///java/io/PrintStream/println(java.lang.String)|', '23:15-23:22');
INSERT INTO symbol_uses (caller_uri, callee_uri, location_span) VALUES ('|java+method:///RCSortStabilityJ/main(java.lang.String%5B%5D)|', '|java+field:///java/lang/System/out|', '23:11-23:14');
INSERT INTO symbol_uses (caller_uri, callee_uri, location_span) VALUES ('|java+compilationUnit:///home/me/code/j9mpl/examples/rosettacode/RCSortStabilityJ.java|', '|java+interface:///java/util/Comparator|', '55:41-55:51');
INSERT INTO symbol_uses (caller_uri, callee_uri, location_span) VALUES ('|java+method:///RCSortStabilityJ/main(java.lang.String%5B%5D)|', '|java+method:///java/io/PrintStream/println(java.lang.String)|', '31:15-31:22');
INSERT INTO symbol_uses (caller_uri, callee_uri, location_span) VALUES ('|java+method:///RCSortStabilityJ/main(java.lang.String%5B%5D)|', '|java+field:///java/lang/System/out|', '31:11-31:14');
INSERT INTO symbol_uses (caller_uri, callee_uri, location_span) VALUES ('|java+method:///RCSortStabilityJ/main(java.lang.String%5B%5D)|', '|java+class:///RCSortStabilityJ/CountryComparator|', '43:24-43:41');
INSERT INTO symbol_uses (caller_uri, callee_uri, location_span) VALUES ('|java+method:///RCSortStabilityJ/main(java.lang.String%5B%5D)|', '|java+constructor:///RCSortStabilityJ/CountryComparator/CountryComparator()|', '43:20-43:43');
INSERT INTO symbol_uses (caller_uri, callee_uri, location_span) VALUES ('|java+method:///RCSortStabilityJ/main(java.lang.String%5B%5D)|', '|java+variable:///RCSortStabilityJ/main(java.lang.String%5B%5D)/cn|', '43:16-43:18');
INSERT INTO symbol_uses (caller_uri, callee_uri, location_span) VALUES ('|java+method:///RCSortStabilityJ/main(java.lang.String%5B%5D)|', '|java+class:///java/util/Arrays|', '43:4-43:10');
INSERT INTO symbol_uses (caller_uri, callee_uri, location_span) VALUES ('|java+compilationUnit:///home/me/code/j9mpl/examples/rosettacode/RCSortStabilityJ.java|', '|java+class:///java/lang/String|', '55:52-55:58');
INSERT INTO symbol_uses (caller_uri, callee_uri, location_span) VALUES ('|java+method:///RCSortStabilityJ/main(java.lang.String%5B%5D)|', '|java+field:///java/lang/System/out|', '23:4-23:14');
INSERT INTO symbol_uses (caller_uri, callee_uri, location_span) VALUES ('|java+method:///RCSortStabilityJ/main(java.lang.String%5B%5D)|', '|java+class:///java/lang/System|', '23:4-23:10');
INSERT INTO symbol_uses (caller_uri, callee_uri, location_span) VALUES ('|java+method:///RCSortStabilityJ/CountryComparator/compare(java.lang.String,java.lang.String)|', '|java+method:///java/lang/String/compareTo(java.lang.String)|', '63:33-63:42');
INSERT INTO symbol_uses (caller_uri, callee_uri, location_span) VALUES ('|java+method:///RCSortStabilityJ/CountryComparator/compare(java.lang.String,java.lang.String)|', '|java+method:///java/lang/String/substring(int,int)|', '63:17-63:26');
INSERT INTO symbol_uses (caller_uri, callee_uri, location_span) VALUES ('|java+method:///RCSortStabilityJ/CountryComparator/compare(java.lang.String,java.lang.String)|', '|java+parameter:///RCSortStabilityJ/CountryComparator/compare(java.lang.String,java.lang.String)/scope(lft)/scope(0)/lft|', '63:13-63:16');
INSERT INTO symbol_uses (caller_uri, callee_uri, location_span) VALUES ('|java+method:///RCSortStabilityJ/main(java.lang.String%5B%5D)|', '|java+field:///java/lang/System/out|', '31:4-31:14');
INSERT INTO symbol_uses (caller_uri, callee_uri, location_span) VALUES ('|java+method:///RCSortStabilityJ/main(java.lang.String%5B%5D)|', '|java+class:///java/lang/System|', '31:4-31:10');
INSERT INTO symbol_uses (caller_uri, callee_uri, location_span) VALUES ('|java+compilationUnit:///home/me/code/j9mpl/examples/rosettacode/RCSortStabilityJ.java|', '|java+interface:///java/util/Comparator|', '3:7-3:27');
INSERT INTO symbol_uses (caller_uri, callee_uri, location_span) VALUES ('|java+compilationUnit:///home/me/code/j9mpl/examples/rosettacode/RCSortStabilityJ.java|', '|java+package:///java|', '3:7-3:11');
COMMIT;